5312390,flat,Wiedlisbach,4537,61,BE,Dettenbühl 11, Stock,1.0,1,<NA>,<NA>,<NA>,7.63579,47.25512,0.8169672252792445,550,100,650;
5535460,flat,Biel/Bienne,2503,79,BE,Friedweg 25, 250 Biel,1.0,1,<NA>,<NA>,<NA>,7.25443,47.13247,1.3208876970576362,550,130,680;
5695107,flat,Wanzwil,3372,61,BE,Jurastrasse, 33,3.5,1,73,<NA>,<NA>,7.69105,47.20218,4.22950736780204,<NA>,<NA>,1070;
5680761,flat,Langenthal,4900,61,BE,Schulhausstrasse 7, 7a + 7b,4.0,1,<NA>,<NA>,<NA>,7.78705,47.21142,0.8494129517503296,875,250,1125;
5717663,flat,Oberwil BL,4104,13,BL,Unterm Stallen 13, Haus B,3.5,2,92,<NA>,<NA>,7.56075,47.51852,4.210591805759722,2040,250,2290;
5712038,flat,Allschwil,4123,13,BL,Heuwinkelstrasse 5, 7,2.0,2,50,1956,<NA>,7.55827,47.55718,3.875771985261039,1020,170,1190;
5693163,flat,Reinach BL,4153,13,BL,Talackerstrasse 5, 7,3.0,0,70,1955,<NA>,7.59867,47.49848,3.4355006734371014,1260,170,1430;
5685680,flat,Allschwil,4123,13,BL,Heuwinkelstrasse 9, 11,3.0,2,62,1956,<NA>,7.55797,47.55735,3.89126832862728,1260,180,1440;
5457432,flat,Liestal,4410,12,BL,Im Pfauenhof 6, 7,4.5,2,76,1957,<NA>,7.74337,47.48557,1.0231642018453584,1190,260,1450;
5670506,flat,Liestal,4410,12,BL,Rosenstrasse 1/3, Gestadeckplatz 6,2.5,<NA>,52,2020,<NA>,7.73742,47.48629,1.227387257090649,1355,130,1485;
5657583,flat,Reinach BL,4153,13,BL,Talackerstrasse 5, 7,3.0,2,70,1955,<NA>,7.59867,47.49848,3.4355006734371014,1300,190,1490;
5546982,flat,Ettingen,4107,13,BL,Im Winkel 3,,3.5,2,71,<NA>,<NA>,7.54959,47.48601,4.5041400361489545,1410,270,1680;
5670507,flat,Liestal,4410,12,BL,Rosenstrasse 1/3, Gestadeckplatz 6,3.5,<NA>,75,2020,<NA>,7.73742,47.48629,1.227387257090649,1530,185,1715;
5709283,flat,Basel,4057,11,BS,Riehenring 169, 171, 173,2.5,5,103,<NA>,<NA>,7.59729,47.56876,0.7531508670686249,1950,210,2160;
5597159,flat,Basel,4057,11,BS,Efringerstrasse 24, 26, 28, 30,3.5,4,103,<NA>,<NA>,7.59656,47.56856,0.8061520567484125,2250,290,2540;
5709285,flat,Basel,4057,11,BS,Riehenring 169, 171, 173,5.0,1,120,<NA>,<NA>,7.59729,47.56876,0.7531508670686249,2270,280,2550;
5709286,flat,Basel,4057,11,BS,Riehenring 169, 171, 173,4.0,1,120,<NA>,<NA>,7.59729,47.56876,0.7531508670686249,2270,280,2550;
5683542,house,Wünnewil,3184,81,FR,Steinackerstrasse, 21,6.5,<NA>,220,1989,<NA>,7.27935,46.87364,0.2211753364845348,2600,200,2800;
5675039,house,Broc,1636,36,FR,Rue du Moléson, 49,5.5,<NA>,115,<NA>,<NA>,7.10025,46.60702,0.3496881602894944,<NA>,<NA>,2370;
5663271,house,Bossonnens,1615,36,FR,Ch.Pereivuat, 15,6.5,<NA>,200,<NA>,<NA>,6.84341,46.52296,0.8143483564926282,<NA>,<NA>,3100;
5718081,flat,Fribourg,1700,30,FR,rue de la Grand-Fontaine, 25,3.0,3,65,<NA>,<NA>,7.15913,46.80456,1.1627598156489494,<NA>,<NA>,1125;
5621789,flat,Estavayer-le-Lac,1470,36,FR,Route des Alpes 1, 1470 Estavayer-Le-Lac,3.5,2,62,<NA>,<NA>,6.85418,46.84353,5.946250251506672,1370,50,1420;
5034937,house,Confignon,1232,71,GE,Route de Chancy, 177,1.0,<NA>,40,<NA>,<NA>,6.09255,46.17961,2.602192070647574,<NA>,<NA>,25;
5646942,house,Petit-Lancy,1213,71,GE,27, Chemin des Recluses,5.5,<NA>,120,<NA>,<NA>,6.11616,46.19454,0.9446902903904841,<NA>,<NA>,3950;
5691004,flat,Genève,1201,98,GE,Pâquis 8/Alfred-Vincent 11,15,<NA>,<NA>,25,1980,<NA>,6.14834,46.20992,2.9335737557234802,1160,150,1310;
5721942,flat,Genève,1202,98,GE,Rue de la Servette 73, 75,3.5,3,86,1955,<NA>,6.1323,46.21219,2.645789128668513,1845,296,2141;
5651921,flat,Carouge GE,1227,71,GE,46, route de veyrier,<NA>,<NA>,<NA>,<NA>,<NA>,6.14898,46.1846,1.882862792942291,<NA>,<NA>,99;
5721258,flat,Genève,1205,98,GE,Rue des Savoises , 8,2.0,<NA>,65,<NA>,<NA>,6.13872,46.20111,1.7052953084407003,<NA>,<NA>,800;
5713371,flat,Conches,1231,73,GE,1 à chemin Naville, 1 a,2.0,<NA>,20,<NA>,<NA>,6.18382,46.19007,4.505707292122068,<NA>,<NA>,850;
5649802,flat,Corsier GE,1246,73,GE,30, ch. du Pré-Puits,1.0,<NA>,<NA>,<NA>,<NA>,6.22434,46.2642,6.400452855813502,<NA>,<NA>,900;
5693890,flat,Genève,1203,98,GE,av. Devin-du-village,9,1.0,<NA>,<NA>,<NA>,<NA>,6.12387,46.20359,1.6380918332878225,<NA>,<NA>,1240;
5718805,flat,Thônex,1226,73,GE,113, Rue de Genève,2.0,<NA>,<NA>,<NA>,<NA>,6.20185,46.1933,5.912300399225015,<NA>,<NA>,1330;
5714624,flat,Grand-Lancy,1212,71,GE,route de saint-julien, 80,2.0,<NA>,40,<NA>,<NA>,6.12598,46.17288,0.4266983583951856,<NA>,<NA>,1335;
5719637,flat,Genève,1205,98,GE,73, Boulevard de Saint-Georges,2.0,<NA>,<NA>,<NA>,<NA>,6.13829,46.20152,1.7224496413780763,<NA>,<NA>,1400;
5350678,flat,Genève,1207,98,GE,Adrien Lachenal, 26,1.0,<NA>,17,<NA>,<NA>,6.15615,46.19921,2.635672210269181,<NA>,<NA>,1500;
5689868,flat,Versoix,1290,72,GE,Chemin du Nant-de-Crève-Coeur, 12,3.0,<NA>,60,<NA>,<NA>,6.16232,46.27612,3.9260699043714262,<NA>,<NA>,1550;
5633263,flat,Les Acacias,1227,71,GE,Rue des Ronzades, 3,3.5,<NA>,44,<NA>,<NA>,6.13649,46.19112,0.8941686466691338,<NA>,<NA>,1640;
5674789,flat,Le Lignon,1219,72,GE,19, Avenue du Lignon,3.0,<NA>,60,<NA>,<NA>,6.0941,46.20143,2.1444842285895076,<NA>,<NA>,1900;
5704363,flat,Genève,1205,98,GE,Rue de Carouge, 63,3.0,<NA>,65,<NA>,<NA>,6.14416,46.19201,1.4906629825184043,<NA>,<NA>,1937;
5708747,flat,Confignon,1232,71,GE,6, Chemin de Chaumont,<NA>,<NA>,<NA>,<NA>,<NA>,6.08214,46.17592,3.385222918090269,<NA>,<NA>,1990;
5710111,flat,Genève,1202,98,GE,8, rue Liotard,<NA>,<NA>,75,<NA>,<NA>,6.13411,46.2097,2.410554990251947,<NA>,<NA>,2313;
5712341,flat,Genève,1208,98,GE,24, rue de Malagnou,3.0,<NA>,<NA>,<NA>,<NA>,6.16005,46.19757,2.8420193893961976,<NA>,<NA>,2350;
5708711,flat,Chêne-Bougeries,1224,73,GE,Avenue des Cavaliers, 7,<NA>,<NA>,80,<NA>,<NA>,6.18453,46.20325,4.829429341361763,<NA>,<NA>,2360;
5683146,flat,Le Lignon,1219,72,GE,9, avenue du Ligbob,<NA>,<NA>,96,<NA>,<NA>,6.09229,46.20071,2.227936522276388,<NA>,<NA>,2500;
5709981,flat,Satigny,1242,20,GE,12, Route De Peney-dessus,5.0,<NA>,120,<NA>,<NA>,6.04071,46.20104,1.4865940832177293,<NA>,<NA>,2500;
5698335,flat,Vernier,1214,72,GE,Chemin de l'Esplanade, 18,5.5,<NA>,105,<NA>,<NA>,6.08937,46.21613,0.6169923852559047,<NA>,<NA>,2800;
5710025,flat,Genève,1202,98,GE,Rue Jean-Charles Amat, 28,5.5,<NA>,100,<NA>,<NA>,6.14719,46.21504,3.040709318336766,<NA>,<NA>,3200;
5701520,flat,Genève,1207,98,GE,Rue Du 1er Juin, 4,4.5,<NA>,<NA>,<NA>,<NA>,6.16126,46.20652,3.390316652063545,<NA>,<NA>,3245;
5713706,flat,Chancy,1284,71,GE,Route de Valleiry, 35,6.0,<NA>,140,<NA>,<NA>,5.97029,46.14747,5.774997064037734,<NA>,<NA>,3400;
5431307,flat,Viano,7747,62,GR,Zavena (1,2 Km Autostrasse von Viano gen Norden),2.5,0,55,<NA>,2004,10.13942,46.2531,1.1096027449456873,500,125,625;
5452124,flat,Scuol,7550,91,GR,Center Augustin, Stradun 197,3.5,2,75,<NA>,<NA>,10.3021,46.7983,3.5616490438333033,<NA>,<NA>,1600;
5459237,flat,Ilanz,7130,86,GR,Via Mulin, 1,5.5,1,125,<NA>,2019,9.20959,46.77506,1.829719440444788,1670,<NA>,1670;
5683680,flat,Zizers,7205,21,GR,Rosgartenstrasse 29, Haus E,3.5,0,91,2015,<NA>,9.56009,46.93327,0.1790177641252428,1640,140,1780;
5396660,flat,Breil/Brigels,7165,86,GR,Via Tgariel, Haus Flurina,2.5,<NA>,56,<NA>,<NA>,9.05771,46.77021,4.7577103002050025,<NA>,<NA>,490;
5583736,flat,Obersaxen,7134,86,GR,Markal, 4,4.5,<NA>,111,<NA>,<NA>,9.1021,46.75056,2.5216012549483433,<NA>,<NA>,1490;
5532592,flat,Porrentruy,2900,69,JU,Sous-Bellevue 13, 13A,4.0,5,80,<NA>,<NA>,7.07868,47.42442,2.327914782638235,880,220,1100;
5569346,flat,Courtedoux,2905,69,JU,Rue du 23-Juin 70, 70B,4.0,2,98,<NA>,<NA>,7.0404,47.40792,3.771762170645723,1270,190,1460;
5324753,flat,Courtedoux,2905,69,JU,Rue du 23-Juin 70, 70B,4.0,2,98,<NA>,<NA>,7.0404,47.40792,3.771762170645723,1280,220,1500;
5642337,flat,Rebeuvelier,2832,23,JU,Rue du Raimeux, 4,2.0,<NA>,<NA>,<NA>,<NA>,7.41558,47.32412,4.5232108903940516,<NA>,<NA>,650;
5651267,flat,Delémont,2800,23,JU,24, rue de l'Hôpital,2.0,<NA>,45,<NA>,<NA>,7.34296,47.3662,10.953127259695837,<NA>,<NA>,800;
5719642,flat,Courtedoux,2905,69,JU,Rue du 23 Juin, 34,3.5,<NA>,75,<NA>,<NA>,7.04259,47.40956,3.5449842922389943,<NA>,<NA>,1000;
5698376,flat,Courroux,2822,23,JU,Cornat, 4,2.0,<NA>,<NA>,<NA>,<NA>,7.37178,47.36383,9.691645092593818,<NA>,<NA>,1050;
5694163,flat,Les Emibois,2338,27,JU,85, Les Ecarres,3.0,<NA>,<NA>,<NA>,<NA>,6.99305,47.23234,0.5843052299679632,<NA>,<NA>,1150;
5712153,flat,Kriens,6010,52,LU,Obernauerstrasse 33, Kriens,2.0,4,39,<NA>,<NA>,8.26785,47.03369,2.3036542222520344,950,160,1110;
5682640,flat,Luzern,6006,52,LU,Rankhofstrasse, 17,2.0,3,60,<NA>,<NA>,8.3121,47.06356,2.188254113364219,<NA>,<NA>,1290;
5718182,flat,Malters,6102,52,LU,Weihermatte 7A, 7B, 7C,2.5,<NA>,<NA>,2018,<NA>,8.17958,47.03804,6.108225871060623,1210,180,1390;
5604054,flat,Luzern,6005,52,LU,Moosmattstrasse 39, 6005 Luzern,3.0,0,<NA>,<NA>,<NA>,8.30431,47.03744,0.2730522540243269,1250,200,1450;
5718183,flat,Malters,6102,52,LU,Weihermatte 2, 6, 8,3.5,<NA>,85,2018,<NA>,8.18104,47.03836,5.992035766197182,1470,200,1670;
5718184,flat,Malters,6102,52,LU,Weihermatte 7A, 7B, 7C,3.5,<NA>,<NA>,2018,<NA>,8.17958,47.03804,6.108225871060623,1540,200,1740;
4315240,flat,Aesch LU,6287,80,LU,Käppeliacher 8, Erlenweg 1,3.5,3,90,2017,<NA>,8.23987,47.25297,3.2542091107011752,1660,200,1860;
5644429,flat,Hochdorf,6280,80,LU,Bellevuestrasse 30a, 6280 Hochdorf,4.5,2,110,<NA>,<NA>,8.28749,47.17237,1.0548256488048076,1680,260,1940;
5419271,flat,La Chaux-de-Fonds,2300,59,NE,Rue de la Paix 109, 2300,3.5,3,<NA>,<NA>,<NA>,6.81912,47.09833,1.1149474904647978,790,250,1040;
5525739,flat,La Chaux-de-Fonds,2300,59,NE,Rue de Parc 145, 147 et 149,3.0,0,80,<NA>,<NA>,6.81616,47.09551,1.4088357684667858,800,250,1050;
5247035,flat,La Chaux-de-Fonds,2300,59,NE,Rue de la Croix-Fédérale 23c, Actif,4.5,4,90,<NA>,2018,6.84066,47.1061,0.39389732662620053,1370,180,1550;
5625069,flat,Beckenried,6375,60,NW,Erlen, 2,4.5,2,110,2000,<NA>,8.4647,46.9699,6.99644513499128,1900,200,2100;
5715928,flat,Stans,6370,60,NW,Aemättlistrasse 1b, Haus 2 Stanserhorn,3.5,2,107,<NA>,<NA>,8.35896,46.96191,0.7129670187042735,1880,240,2120;
5714420,flat,Oberdorf NW,6370,60,NW,Engelbergstrasse, 62,3.5,<NA>,90,<NA>,<NA>,8.37449,46.95638,0.6266319909579885,<NA>,<NA>,2000;
4641716,flat,Alpnach Dorf,6055,66,OW,Hofmättelistrasse 5, Alpnach,3.5,2,<NA>,<NA>,<NA>,8.27144,46.9381,0.4046387541457904,860,210,1070;
4575893,flat,Schaffhausen,8200,75,SH,Grafenbuckhalde 8, Haus B,2.5,3,<NA>,<NA>,<NA>,8.63889,47.71056,2.0396922858277207,1279,210,1489;
5720505,flat,Stein am Rhein,8260,87,SH,Mülibach 1, 8259 Wagenhausen,3.5,1,86,<NA>,<NA>,8.85753,47.656,0.18942124324145776,1620,<NA>,1620;
5720504,flat,Stein am Rhein,8260,87,SH,Mülibach 1, 8259 Wagenhausen,4.0,3,143,2018,<NA>,8.85753,47.656,0.18942124324145776,2275,<NA>,2275;
5614157,flat,Balsthal,4710,67,SO,Herrengasse, 9,3.5,2,121,<NA>,2014,7.69627,47.31608,1.0346504299217598,1030,250,1280;
5648418,flat,Reichenburg,8864,54,SZ,Kantonsstrasse, 38,2.0,1,45,<NA>,2018,8.97625,47.16902,2.950485175600511,1100,100,1200;
2662060,flat,Einsiedeln,8840,24,SZ,Ebenau 1, Gross,3.5,1,109,1995,<NA>,8.77524,47.11625,5.9767499517677845,1800,200,2000;
4929852,flat,Einsiedeln,8840,24,SZ,Ebenau 2, Gross,4.5,1,132,<NA>,<NA>,8.7754,47.11669,5.9483920925411,1980,220,2200;
5691659,flat,Lachen SZ,8853,54,SZ,Bürgweg, 1,<NA>,<NA>,<NA>,<NA>,<NA>,8.85001,47.18923,2.116585165355758,<NA>,<NA>,1600;
5550942,flat,Kreuzlingen,8280,17,TG,Reutistrasse 9/9a, 11/11a,1.5,0,40,2020,<NA>,9.19774,47.64034,0.32266795457821845,840,65,905;
5550945,flat,Kreuzlingen,8280,17,TG,Reutistrasse 9/9a, 11/11a,2.5,0,67,2020,<NA>,9.19774,47.64034,0.32266795457821845,1230,105,1335;
5674215,flat,Oberneunforn,8526,28,TG,Hauptstasse, 11 c,3.5,2,95,<NA>,<NA>,8.76825,47.60606,3.4450936020910388,1190,280,1470;
5716700,flat,Wagenhausen,8259,92,TG,Mülibach 1, 8259 Wagenhausen,3.5,1,86,<NA>,<NA>,8.84432,47.6602,0.9209368727183651,1620,<NA>,1620;
5720507,flat,Wagenhausen,8259,92,TG,Mülibach 2, 8259 Wagenhausen,3.5,1,90,<NA>,<NA>,8.84481,47.66013,0.8852473339616244,1685,<NA>,1685;
5550944,flat,Kreuzlingen,8280,17,TG,Reutistrasse 9/9a, 11/11a,3.5,0,89,2020,<NA>,9.19774,47.64034,0.32266795457821845,1590,155,1745;
5713418,house,Melide,6815,51,TI,Via Lungolago Giuseppe Motta, 20,<NA>,<NA>,140,<NA>,<NA>,8.94308,45.95127,0.6415406153321588,<NA>,<NA>,1850;
5431144,flat,Rovio,6821,51,TI,Via S. Gottardo 83 , Balerna,1.5,-1,<NA>,<NA>,<NA>,9.00579,45.85094,2.88189609740794,590,80,670;
5551299,flat,Pregassona,6963,51,TI,Via Ceresio 3D/E - 5B/C, Pregassona 6963,1.0,<NA>,25,<NA>,<NA>,8.97288,46.01773,2.4258303652856226,600,90,690;
5573414,flat,Chiasso,6830,55,TI,Via Odescalchi 12- 18 , Chiasso,1.5,<NA>,<NA>,<NA>,<NA>,9.03614,45.83398,0.4156714919044445,600,95,695;
5427196,flat,Ascona,6612,44,TI,via Locarno 10, Ascona,1.0,<NA>,20,<NA>,<NA>,8.77485,46.1631,0.7476482934818909,700,80,780;
5523717,flat,Balerna,6828,55,TI,Via Monte Generoso 2, Balerna,2.5,2,<NA>,<NA>,<NA>,9.00327,45.8521,3.110425245207675,700,100,800;
5687146,flat,Lugano,6900,51,TI,Via Curti 6, Lugano,1.5,1,<NA>,<NA>,<NA>,8.95519,46.00905,0.753748804936369,710,90,800;
5345233,flat,Chiasso,6830,55,TI,Via Odescalchi 12, Chiasso,2.5,<NA>,<NA>,<NA>,<NA>,9.03614,45.83398,0.4156714919044445,720,130,850;
5702737,flat,Morbio Inferiore,6834,55,TI,Via Cereghetti, 8,2.0,3,58,<NA>,<NA>,9.01663,45.85227,2.512191527251797,800,160,960;
5404606,flat,Chiasso,6830,55,TI,Via Favre 7, Chiasso,3.5,7,<NA>,<NA>,<NA>,9.03372,45.82991,0.3080482576535059,770,200,970;
5572931,flat,Chiasso,6830,55,TI,Via Odescalchi 12, Chiasso,3.5,<NA>,<NA>,<NA>,<NA>,9.03614,45.83398,0.4156714919044445,820,170,990;
5404635,flat,Balerna,6828,55,TI,Via San Gottardo 83, Balerna,2.5,3,<NA>,<NA>,<NA>,9.00579,45.85094,2.88189609740794,850,190,1040;
5427216,flat,Ponte Tresa,6988,51,TI,Via Monte Oliveto 5, Ponte Tresa 6988,2.5,0,53,<NA>,<NA>,8.86026,45.97105,0.11859891724139143,900,150,1050;
5709316,flat,Bellinzona,6500,14,TI,Via Ripari Tondi 10 , Bellinzona,1.5,1,<NA>,<NA>,<NA>,9.03496,46.20845,7.113916064177989,<NA>,<NA>,1070;
5537280,flat,Cadenazzo,6593,14,TI,Via ai Boschi 17, Canobbio,2.5,2,<NA>,<NA>,<NA>,8.94825,46.14915,2.343243652427975,980,100,1080;
5404614,flat,Chiasso,6830,55,TI,Via Favre 7 , Chiasso,3.5,0,<NA>,<NA>,<NA>,9.03372,45.82991,0.3080482576535059,900,200,1100;
5427188,flat,Chiasso,6830,55,TI,Via ai Crotti 1, Chiasso,2.5,6,<NA>,<NA>,2013,9.02604,45.83304,0.4293673068917891,1050,80,1130;
5709208,flat,Lugano,6900,51,TI,Via Bagutti 26 , Lugano,2.5,1,<NA>,<NA>,<NA>,8.95704,46.01671,1.4730375383694077,990,140,1130;
5489973,flat,Chiasso,6830,55,TI,Via Odescalchi 12, Chiasso,4.5,<NA>,<NA>,<NA>,<NA>,9.03614,45.83398,0.4156714919044445,980,220,1200;
5421892,flat,Vacallo,6833,55,TI,Via Bellinzona 8, Vacallo,2.0,<NA>,<NA>,<NA>,<NA>,9.02663,45.84159,1.111205086258976,1030,180,1210;
5693680,flat,Lugano,6900,51,TI,Via Madonnetta, 15,2.5,<NA>,<NA>,<NA>,2018,8.95719,46.01178,1.0593101383014165,1250,<NA>,1250;
5445390,flat,Massagno,6900,51,TI,Via Lepori 16, 18,2.5,<NA>,48,2020,<NA>,8.94553,46.0101,0.5214684323898073,1135,125,1260;
5506471,flat,Morbio Inferiore,6834,55,TI,Via Cereghetti, 8,3.5,1,96,<NA>,<NA>,9.01663,45.85227,2.512191527251797,1050,220,1270;
5427207,flat,Chiasso,6830,55,TI,via ai Crotti 1, Chiasso,3.5,7,<NA>,<NA>,<NA>,9.02604,45.83304,0.4293673068917891,1200,100,1300;
5426956,flat,Lamone,6814,51,TI,Via alla Chiesa 18, Lamone 6814,3.5,1,<NA>,<NA>,<NA>,8.92831,46.0437,0.5315647522207245,1075,250,1325;
5645248,flat,Pregassona,6963,51,TI,Via Ceresio 5C, Pregassona 6963,3.5,2,85,<NA>,<NA>,8.9725,46.01757,2.3915476489469714,1150,200,1350;
5449454,flat,Massagno,6900,51,TI,Via Lepori 16, 18,1.5,<NA>,48,2020,<NA>,8.94553,46.0101,0.5214684323898073,1250,120,1370;
5132455,flat,Viganello,6962,51,TI,Via Guggirolo 2, Viganello,3.0,4,<NA>,<NA>,<NA>,8.9675,46.01189,1.7442689442896098,210,1180,1390;
5673816,flat,Lugano,6900,51,TI,Via delle scuole 10, cassarate,2.5,5,68,<NA>,<NA>,8.95941,46.00853,1.017482312913434,<NA>,<NA>,1390;
5580576,flat,Canobbio,6952,51,TI,via Circonvallazione 8, Canobbio,3.5,3,<NA>,<NA>,<NA>,8.96316,46.03528,2.446928328847317,1250,150,1400;
5612928,flat,Viganello,6962,51,TI,Via agli Orti 8, Viganello,3.5,2,<NA>,<NA>,<NA>,8.96172,46.01062,1.2802293213180382,1200,200,1400;
4387271,flat,Minusio,6648,44,TI,Via R. Simen, 79,4.5,2,<NA>,<NA>,<NA>,8.82017,46.17929,1.6376233161961662,1220,200,1420;
5427200,flat,Ascona,6612,44,TI,Via Borgo 30, Ascona,3.5,3,<NA>,<NA>,<NA>,8.76761,46.15608,1.6847927449569124,1220,220,1440;
5431899,flat,Bioggio,6934,51,TI,Via della Posta 16 , Bioggio,2.5,0,82,<NA>,<NA>,8.90649,46.01284,0.20224233797913357,1390,100,1490;
5437833,flat,Lugano,6900,51,TI,Via Giacomo Brentani 3a ,Molino Nuovo,3.5,<NA>,<NA>,<NA>,<NA>,8.95865,46.01931,1.7846772757427034,1240,250,1490;
4907036,flat,Vacallo,6833,55,TI,Via BELLINZONA 8 , VACALLO,3.5,7,97,<NA>,<NA>,9.02663,45.84159,1.111205086258976,1320,180,1500;
5072812,flat,Minusio,6648,44,TI,Via Mezzaro 20, 6648 Minusio,3.5,1,85,2010,<NA>,8.81632,46.17618,1.2256108553720448,1400,100,1500;
5427224,flat,Massagno,6900,51,TI,Sentiero Vinorum 3 3, Massagno,3.5,1,<NA>,<NA>,<NA>,8.94649,46.01343,0.8819156656451128,1400,200,1600;
5427206,flat,Gentilino,6925,51,TI,Via alle Cave 19, Gentilino,3.5,3,<NA>,<NA>,<NA>,8.93084,45.99291,0.4753371665165504,1500,200,1700;
5515900,house,Orbe,1350,19,VD,Ch, des Philosophes 2a,2.5,<NA>,65,2017,<NA>,6.53019,46.7213,0.21317660077201622,1620,80,1700;
5717421,house,Maracon,1613,19,VD,Rte de Semsales 12, 1623 Maracon,6.5,<NA>,155,2019,<NA>,6.87239,46.54903,2.812703009359225,2600,350,2950;
4544693,house,Morges,1110,43,VD,Sur les Devens, 1167 Lussy-sur-Morges,12.0,<NA>,520,<NA>,<NA>,6.4951,46.50817,0.8339075602804735,12000,<NA>,12000;
5699815,house,Treycovagnes,1436,102,VD,Chemin de l Ancien Collège, 1,<NA>,<NA>,<NA>,<NA>,<NA>,6.6082,46.77373,2.45153918832445,<NA>,<NA>,785;
5712195,house,Montreux,1820,48,VD,Avenue de Naye 31,,1.0,<NA>,61,<NA>,<NA>,6.92872,46.42342,1.8307988496967518,<NA>,<NA>,800;
5704472,house,Boulens,1063,19,VD,bordamon, 22,5.0,<NA>,160,<NA>,<NA>,6.7195,46.68209,1.703740700679364,<NA>,<NA>,2400;
5684966,house,Vucherens,1509,19,VD,route du village, 36,<NA>,<NA>,150,<NA>,<NA>,6.77729,46.62822,5.607493105995651,<NA>,<NA>,2850;
5658571,house,Denens,1135,43,VD,Chemin des Poiriers, 2,6.5,<NA>,240,<NA>,<NA>,6.45427,46.51803,1.2271427426892774,<NA>,<NA>,3500;
5701450,house,Gingins,1276,43,VD,Vy de L'Etraz 17, Gingins,6.5,<NA>,200,<NA>,<NA>,6.17562,46.41151,2.3756828982847296,<NA>,<NA>,3800;
5713769,house,Mies,1295,43,VD,Vy ique Derry, 4,5.0,<NA>,<NA>,<NA>,<NA>,6.17043,46.30608,7.3046863287297175,<NA>,<NA>,4200;
5691447,flat,Leysin,1854,4,VD,Chalet Peter Pan, rue Louis Favez,1.5,0,33,1900,2000,7.01312,46.34215,0.44507645125318124,700,90,790;
5605980,house,Martigny-Croix,1921,93,VS,Route des Rappes, 45,3.5,<NA>,<NA>,<NA>,<NA>,7.04898,46.08266,0.8609276069009063,<NA>,<NA>,1700;
5712327,house,Blignou (Ayent),1966,82,VS,rte de st-Martin, 3,5.0,<NA>,<NA>,<NA>,<NA>,7.40578,46.27594,2.9197867258662806,<NA>,<NA>,1700;
5719617,house,Roumaz (Savièse),1965,57,VS,Route de Roumaz, 90,9.5,<NA>,190,<NA>,<NA>,7.34745,46.24411,5.6077837695686314,<NA>,<NA>,2590;
5700928,flat,Monthey,1870,93,VS,A louer au 1er novembre, appartement de 1.5 pièce comprenant un hall d'entrée, une pièce principale avec une armoire murale, une cuisine agencée habitable, une salle de bains/WC et une cave.,1.5,2,35,<NA>,<NA>,6.95167,46.25406,0.3197058967880286,700,100,800;
5700347,flat,Mollens VS,3974,57,VS,route de la gare 35 / Naye, dernier maison aval,1.5,0,40,1967,2015,7.5102,46.30703,5.293671947263925,820,130,950;
5604099,flat,Leukerbad,3954,65,VS,Noyerstrasse, Ferienhaus Golf B,2.5,0,62,<NA>,<NA>,7.62459,46.37308,6.967105454209021,900,100,1000;
5693420,flat,Monthey,1870,93,VS,A louer dès le 1er novembre 2019, appartement de 2.5 pièces au rez comprenant une cuisine agencée ouverte sur le séjour, une chambre, une salle de bains/WC et une cave.,2.5,0,62,1990,<NA>,6.95167,46.25406,0.3197058967880286,980,130,1110;
5635935,flat,Sion,1950,57,VS,Impasse de Pranoé 28, 1967 Bramois,2.5,0,60,2015,<NA>,7.40941,46.23287,2.2129002584057016,<NA>,<NA>,1290;
5656257,flat,Collombey,1868,93,VS,Ch. du Verger 22A, B et C,2.5,0,63,2016,<NA>,6.94656,46.26489,0.5206650942663732,1210,180,1390;
5712464,flat,Sion,1950,57,VS,Rue des Prumus, Aproz,2.5,0,72,2019,<NA>,7.34264,46.21825,6.9783132745555845,1250,150,1400;
5551587,flat,Collombey,1868,93,VS,Ch. du Verger 22A, B et C,2.5,4,69,2016,<NA>,6.94656,46.26489,0.5206650942663732,1250,170,1420;
5695462,flat,Collombey,1868,93,VS,Ch. du Verger 22A, B et C,2.5,3,63,2016,<NA>,6.94656,46.26489,0.5206650942663732,1290,180,1470;
5693352,flat,Rheinau,8462,99,ZH,Untere Steig, 11,1.0,2,20,1760,2017,8.60707,47.64427,2.587206992200685,<NA>,<NA>,590;
5586724,flat,Gränichen,5722,1,AG,Winkelweg 2/4,Mitteldorfstr 27,4.0,2,90,<NA>,<NA>,8.09574,47.36035,3.5945057570416354,1150,225,1375;
5542088,flat,Suhr,5034,1,AG,Buhaldeweg 4, 6 und 8,4.5,<NA>,92,<NA>,<NA>,8.08684,47.36911,2.637050029815924,1340,220,1560;
5678043,flat,Gränichen,5722,1,AG,Weierweg 21a, 21b, 23,4.5,3,126,2018,<NA>,8.09875,47.36714,3.3383846042053342,2190,240,2430;
5556762,flat,Aarau,5000,1,AG,Mühlemattstrasse 40,44,5.5,4,150,<NA>,<NA>,8.04585,47.39495,1.2729268860550216,2150,300,2450;
5640997,flat,Unterentfelden,5035,1,AG,Sämisweidstrasse, 5,3.5,<NA>,<NA>,<NA>,<NA>,8.04372,47.3707,1.6200701778419873,1335,210,1545;
5608551,flat,Gränichen,5722,1,AG,Unterdorfstrasse, 6,3.5,<NA>,83,1910,2017,8.09478,47.36143,3.5393522017973376,1340,250,1590;
5576326,flat,Gryon,1882,4,VD,Chemin des Lederreys , 18,5.0,0,120,1920,<NA>,7.0548,46.27585,0.33061213138799594,1680,340,2020;
4699332,flat,Chessel,1846,4,VD,Clos des Granges, 3,4.5,2,114,2014,<NA>,6.89244,46.34929,1.3916372957097278,1890,290,2180;
5714542,flat,Ollon VD,1867,4,VD,Verschiez, 10, 17.07.1997,1.0,<NA>,32,<NA>,<NA>,6.9823,46.30375,0.5031445306205466,<NA>,<NA>,830;
5714492,flat,Ollon VD,1867,4,VD,Verschiez, 10, 17.07.1997,1.0,<NA>,38,<NA>,<NA>,6.9823,46.30375,0.5031445306205466,<NA>,<NA>,890;
5329337,flat,Bex,1880,4,VD,Centrale, 41,2.5,<NA>,<NA>,<NA>,<NA>,7.0156,46.25042,0.10450949745035369,<NA>,<NA>,1050;
5660588,flat,Bex,1880,4,VD,Centrale, 41,3.5,<NA>,<NA>,<NA>,<NA>,7.0156,46.25042,0.10450949745035369,<NA>,<NA>,1250;
5445721,flat,Villars-sur-Ollon,1884,4,VD,RTE DU VILLAGE, 5,2.0,<NA>,55,<NA>,<NA>,7.05356,46.29816,0.2955094396372076,<NA>,<NA>,1400;
5577206,flat,Missy,1565,9,VD,route de st aubin, 25,3.5,<NA>,130,<NA>,<NA>,6.9718,46.8819,3.2281101617441865,<NA>,<NA>,1100;
5699728,flat,Salavaux,1585,9,VD,Chemin Fleuri 4, 4,2.5,<NA>,<NA>,<NA>,<NA>,7.01872,46.91713,4.359193028588807,<NA>,<NA>,1100;
5712441,flat,Henniez,1525,9,VD,impasse du Chanot, 8,3.5,<NA>,85,<NA>,<NA>,6.87946,46.73979,6.547728520647639,<NA>,<NA>,1500;
5677596,flat,Bellikon,5454,10,AG,Mutschellenstrasse, 22,3.5,1,80,<NA>,<NA>,8.34562,47.38689,3.177079306631826,1270,185,1455;
5632457,flat,Döttingen,5312,10,AG,Hauptstrasse, 70,2.5,2,70,<NA>,<NA>,8.25616,47.57062,1.3895766563200653,1290,180,1470;
5661753,flat,Stetten AG,5608,10,AG,Zileggstr.2/4/6, Kiesstr.5/7,4.5,1,95,<NA>,<NA>,8.30766,47.4024,3.7028868116531943,1345,240,1585;
5691053,flat,Birmenstorf AG,5413,10,AG,Pilgerweg, 3b,2.5,1,60,2018,<NA>,8.26185,47.45662,3.3572655842371595,1450,140,1590;
5721317,flat,Turgi,5300,10,AG,Treppenweg, 18,3.5,<NA>,65,<NA>,<NA>,8.25159,47.49715,0.6160543408477345,<NA>,<NA>,1290;
5641866,flat,Brugg AG,5200,10,AG,Buchenweg, 9,3.0,<NA>,62,<NA>,<NA>,8.19755,47.47406,3.3832797854837544,<NA>,<NA>,1350;
5683958,house,Zeiningen,4314,45,AG,Leimgasse, 11,4.5,<NA>,170,<NA>,2013,7.86908,47.53977,3.166055178005344,2600,<NA>,2600;
5605558,flat,Möhlin,4313,45,AG,Soleweg 2, 4,5.5,1,123,1989,<NA>,7.83654,47.56705,5.657317878487493,1700,360,2060;
3939502,flat,Möhlin,4313,45,AG,Soleweg 8, 10,4.5,3,185,1989,<NA>,7.83693,47.56686,5.675226473757808,2050,500,2550;
5418440,flat,Wallbach,4323,45,AG,Villa Waldhof, Finstergässlein 10,3.0,0,80,1975,<NA>,7.89765,47.55678,1.3583715869768582,1550,200,1750;
5543262,flat,Oberwil BL,4104,13,BL,Unterm Stallen 13, Haus B,4.5,4,105,<NA>,<NA>,7.56075,47.51852,4.210591805759722,2220,300,2520;
5714577,flat,Allschwil,4123,13,BL,BASLERSTRASSE, 277,2.0,<NA>,54,<NA>,<NA>,7.55663,47.55609,4.031525971635553,<NA>,<NA>,1900;
5672906,flat,Gerzensee,3115,15,BE,Aarestrasse, 7,2.5,1,<NA>,<NA>,2016,7.56078,46.83401,2.0156128604618875,1200,140,1340;
5715602,flat,Zollikofen,3052,15,BE,Aarmattweg, 71,3.5,<NA>,<NA>,<NA>,<NA>,7.45252,46.99041,0.3745646961524892,1324,200,1524;
5654969,flat,Heldswil,9216,16,TG,Dorfstrasse 3, 3,3.0,<NA>,<NA>,<NA>,<NA>,9.22029,47.52803,6.2054184840126085,<NA>,<NA>,1100;
5550947,flat,Kreuzlingen,8280,17,TG,Reutistrasse 9/9a, 11/11a,4.5,0,114,2020,<NA>,9.19774,47.64034,0.32266795457821845,1960,195,2155;
5550951,flat,Kreuzlingen,8280,17,TG,Reutistrasse 9/9a, 11/11a,3.5,4,92,2020,<NA>,9.19774,47.64034,0.32266795457821845,2085,160,2245;
5692938,flat,Rupperswil,5102,18,AG,In den Matten, 1,3.5,1,<NA>,<NA>,<NA>,8.12925,47.40548,3.812477895060971,850,<NA>,850;
5666184,flat,Boswil,5623,18,AG,Zelglistrasse, 11,2.5,2,71,2009,<NA>,8.3169,47.30377,0.19867998204706278,1220,130,1350;
5678039,flat,Niederlenz,5702,18,AG,Zentrum, Mühlestrasse 6,2.5,1,65,<NA>,<NA>,8.17567,47.40266,2.804607968033864,1260,180,1440;
5461572,flat,Meisterschwanden,5616,18,AG,Lindenmattstrasse 4A,B,C,2.5,2,71,<NA>,<NA>,8.22794,47.29632,2.378144521709071,1350,170,1520;
5628872,flat,Meisterschwanden,5616,18,AG,Lindenmattstrasse 4A,B,C,2.5,1,70,2015,<NA>,8.22794,47.29632,2.378144521709071,1340,190,1530;
5404293,flat,Lenzburg,5600,18,AG,G.Z. Ring 3/9/11, Atelierg. 4/6,3.5,3,74,<NA>,<NA>,8.17386,47.39131,2.5323916790273864,1495,200,1695;
5533429,flat,Hendschiken,5604,18,AG,Am Bach 3, 5604 Hendschiken,3.5,1,85,2018,<NA>,8.21834,47.38412,1.014924583853198,1490,220,1710;
3350450,flat,Dietwil,6042,18,AG,Buholz, 1,3.5,1,80,2014,<NA>,8.37953,47.13967,3.8964507938756343,1650,120,1770;
5671683,flat,Lenzburg,5600,18,AG,G.Z. Ring 3/9/11, Atelierg. 4/6,3.5,5,75,<NA>,<NA>,8.17386,47.39131,2.5323916790273864,1580,200,1780;
4865655,flat,Meisterschwanden,5616,18,AG,Lindenmattstrasse 4A,B,C,2.5,3,81,2014,<NA>,8.22794,47.29632,2.378144521709071,1560,230,1790;
5423131,flat,Meisterschwanden,5616,18,AG,Lindenmattstrasse 4A,B,C,4.5,1,111,<NA>,<NA>,8.22794,47.29632,2.378144521709071,1710,240,1950;
5627277,flat,Lenzburg,5600,18,AG,G.Z. Ring 3/9/11, Atelierg. 4/6,4.5,3,101,<NA>,<NA>,8.17386,47.39131,2.5323916790273864,1710,240,1950;
5463303,flat,Lenzburg,5600,18,AG,G.Z. Ring 3/9/11, Atelierg. 4/6,4.5,0,96,<NA>,<NA>,8.17386,47.39131,2.5323916790273864,1755,240,1995;
5558341,flat,Lenzburg,5600,18,AG,G.Z. Ring 3/9/11, Atelierg. 4/6,4.5,4,101,<NA>,<NA>,8.17386,47.39131,2.5323916790273864,1805,240,2045;
5011665,flat,Lenzburg,5600,18,AG,G.Z. Ring 3/9/11, Atelierg. 4/6,4.5,5,99,2015,<NA>,8.17386,47.39131,2.5323916790273864,1855,240,2095;
5703614,flat,Moudon,1510,19,VD,Avenue de Lucens, 45,4.5,2,115,<NA>,<NA>,6.80746,46.67433,6.720444981556674,<NA>,<NA>,2050;
5491990,flat,Cossonay-Ville,1304,19,VD,Route des Chavannes 7, appartement 7,6.0,1,168,<NA>,2014,6.5051,46.61387,5.08204878313447,2565,270,2835;
5710051,flat,Cugy VD,1053,19,VD,Chemin de l'Aurore, 4,1.0,<NA>,15,<NA>,<NA>,6.63922,46.58711,2.4476920537671307,<NA>,<NA>,550;
5719788,flat,Moudon,1510,19,VD,Clos des terreaux, 2,2.5,<NA>,49,<NA>,<NA>,6.79524,46.66809,6.664825675205421,<NA>,<NA>,1285;
5689870,flat,Orbe,1350,19,VD,Ch. de Chantemerle, 11,3.5,<NA>,68,<NA>,<NA>,6.52859,46.7313,1.2609414424395975,<NA>,<NA>,1300;
5545221,flat,La Sarraz,1315,19,VD,Grand Rue, 21,3.5,<NA>,65,<NA>,<NA>,6.51413,46.65904,0.24871328583328117,<NA>,<NA>,1575;
5694099,flat,Essertines-sur-Yverdon,1417,19,VD,Laiterie, 4,4.5,<NA>,86,<NA>,<NA>,6.63829,46.71607,4.579787036608234,<NA>,<NA>,1700;
5718856,flat,Moudon,1510,19,VD,avenue Eugène Burnand, 10,4.5,<NA>,96,<NA>,<NA>,6.79729,46.66489,6.290390280048703,<NA>,<NA>,1880;
5692482,flat,Chavornay,1373,19,VD,Rue de la Cité, 9A,3.5,<NA>,85,<NA>,<NA>,6.57026,46.71135,1.979812792759476,<NA>,<NA>,1930;
5563378,flat,Sottens,1062,19,VD,Rue du Collège, 1,5.5,<NA>,140,<NA>,<NA>,6.74212,46.65563,4.824493284278498,<NA>,<NA>,2075;
5463719,flat,Villars-le-Terroir,1040,19,VD,Chemin de Vernensy, 8,6.5,<NA>,163,<NA>,<NA>,6.64319,46.65698,1.5385265301777962,<NA>,<NA>,2400;
5688213,flat,Lussery-Villars,1307,19,VD,Rue Villars, 4,5.0,<NA>,140,<NA>,<NA>,6.52999,46.63644,2.664975597979736,<NA>,<NA>,2400;
5671108,flat,Cossonay-Ville,1304,19,VD,Chemin Pres du Dimanche, 16,5.0,<NA>,150,<NA>,<NA>,6.50558,46.61684,4.7506597650216635,<NA>,<NA>,2500;
5615910,flat,Langnau im Emmental,3550,25,BE,Zürchermatte 4, BE 159'238,4.5,2,94,1992,<NA>,7.7735,46.94415,3.0467622680745263,1440,290,1730;
5557964,flat,Münsingen,3110,25,BE,Falkenweg 15,17,3.5,1,101,1973,<NA>,7.57273,46.87173,1.0271662899188039,1650,250,1900;
5534812,flat,Münsingen,3110,25,BE,Falkenweg 7, 9,3.5,2,101,1973,<NA>,7.5722,46.87195,0.9833514689156941,1670,250,1920;
5592271,flat,Langnau im Emmental,3550,25,BE,Zürchermatte 2, BE 159'238,5.5,0,118,1992,<NA>,7.77392,46.944,3.079398626278901,1650,320,1970;
4925716,flat,Münsingen,3110,25,BE,Falkenweg 7, 9,4.5,1,117,1973,<NA>,7.5722,46.87195,0.9833514689156941,1880,270,2150;
5698442,flat,Fribourg,1700,30,FR,Boulevard de Pérolles, 27,4.5,<NA>,12,<NA>,<NA>,7.15276,46.79878,1.782663388709185,<NA>,<NA>,750;
5713735,flat,Romont FR,1680,29,FR,route d'arruffens 54,,2.0,<NA>,<NA>,<NA>,<NA>,6.90877,46.68515,5.584245544867469,<NA>,<NA>,900;
5704332,flat,Neyruz FR,1740,29,FR,Rte de la Colline, 23,2.5,<NA>,<NA>,<NA>,<NA>,7.05737,46.76589,0.5839260104418248,<NA>,<NA>,1200;
5648083,flat,Fribourg,1700,30,FR,Route de la Pisciculture, 4A,2.5,<NA>,<NA>,<NA>,<NA>,7.15865,46.78996,2.762981204729204,<NA>,<NA>,1260;
5719881,flat,Belfaux,1782,29,FR,Rte des Vuarines, 10,3.5,<NA>,98,<NA>,<NA>,7.10722,46.81774,0.11866239339881857,<NA>,<NA>,1333;
5627733,flat,Romont FR,1680,29,FR,Avenue Gérard-Clerc, 5,3.5,<NA>,82,<NA>,<NA>,6.91414,46.69404,4.614380947069149,<NA>,<NA>,1350;
5714430,flat,Villars-sur-Glâne,1752,29,FR,Allée du Château, 7,2.5,<NA>,70,<NA>,<NA>,7.1186,46.79018,0.17298319870623355,<NA>,<NA>,1370;
5593578,flat,Givisiez,1762,29,FR,Rte de la Chassotte, 5,3.5,<NA>,65,<NA>,<NA>,7.13553,46.81186,1.5474942472158695,<NA>,<NA>,1380;
5660612,flat,Fribourg,1700,30,FR,vieille ville, Grandes-Rames 18,3.5,<NA>,60,<NA>,<NA>,7.16147,46.80457,1.2172060347625044,<NA>,<NA>,1400;
5684889,flat,Villarsiviriaux,1694,29,FR,Ch. de la Buchille, 9,3.5,<NA>,76,<NA>,<NA>,7.01065,46.69883,4.516692016488504,<NA>,<NA>,1470;
5692495,flat,Fribourg,1700,30,FR,Rue de Romont, 25,2.5,<NA>,75,<NA>,<NA>,7.15443,46.80467,1.1184859479393088,<NA>,<NA>,1480;
5699892,flat,Fribourg,1700,30,FR,Monséjour, 19,3.5,<NA>,74,<NA>,<NA>,7.14601,46.80146,1.6382491455128096,<NA>,<NA>,1507;
5699979,flat,Marly,1723,29,FR,Rte de Fribourg, 17b,2.5,<NA>,56,<NA>,<NA>,7.14962,46.78052,2.7344513444390137,<NA>,<NA>,1545;
5706482,flat,Villariaz,1685,29,FR,Impasse de Prany,2,3.5,<NA>,120,<NA>,<NA>,6.94202,46.66407,6.189465063198916,<NA>,<NA>,1740;
5460046,flat,Bulle,1630,36,FR,Chemin Abbe Maignon, 3,1.0,<NA>,12,<NA>,<NA>,7.05221,46.62467,2.016907180057963,<NA>,<NA>,700;
5718829,flat,Châtel-St-Denis,1618,36,FR,Ch. de l'Eglise, 9,2.0,<NA>,50,<NA>,<NA>,6.90135,46.52758,0.25588530851108576,<NA>,<NA>,1050;
5716308,flat,Vuadens,1628,36,FR,Rue des Artisants, 43,1.0,<NA>,24,<NA>,<NA>,7.02217,46.61908,0.1974771127521875,<NA>,<NA>,1200;
5623423,flat,Domdidier,1564,36,FR,Rue du Château, 17,2.5,<NA>,68,<NA>,<NA>,7.01348,46.86573,2.482564128915765,<NA>,<NA>,1220;
5708467,flat,Le Pâquier-Montbarry,1661,36,FR,Route de la gare, 2,<NA>,<NA>,80,<NA>,<NA>,7.05654,46.59375,0.2622896088884141,<NA>,<NA>,1230;
5677000,flat,Villeneuve FR,1527,36,FR,rt.de lucens, 115,3.0,<NA>,<NA>,<NA>,<NA>,6.86514,46.74144,7.641695767657638,<NA>,<NA>,1400;
5571152,flat,Vuippens,1633,36,FR,Rue du Four, 12,4.5,<NA>,135,<NA>,<NA>,7.07442,46.65801,5.558222205404056,<NA>,<NA>,1460;
5718756,flat,Châbles FR,1474,36,FR,Rte De La Chapelle 25,,4.5,<NA>,90,<NA>,<NA>,6.80885,46.82636,2.004827253295461,<NA>,<NA>,1480;
5691089,flat,Estavayer-le-Lac,1470,36,FR,Impasse du Temple, 7,2.5,<NA>,56,<NA>,<NA>,6.84532,46.84849,5.694071988290671,<NA>,<NA>,1500;
5677028,flat,La Tour-de-Trême,1635,36,FR,Chemin de la colline, 31,<NA>,<NA>,100,<NA>,<NA>,7.06218,46.60815,0.16321751474400528,<NA>,<NA>,1870;
5682241,flat,Bulle,1630,36,FR,chemin du taillemau,8,4.5,<NA>,120,<NA>,<NA>,7.04767,46.62214,1.9735443086461608,<NA>,<NA>,2220;
5610790,flat,Châtel-St-Denis,1618,36,FR,Rte de la peralla, 78,4.5,<NA>,135,<NA>,<NA>,6.90551,46.52774,0.5475037872124818,<NA>,<NA>,2370;
5672903,flat,Gerzensee,3115,15,BE,Aarestrasse, 7,2.5,2,<NA>,<NA>,2016,7.56078,46.83401,2.0156128604618875,1880,180,2060;
5699785,flat,Romont BE,2538,39,BE,Au Clos Bindos, Quart Derrière 24,2.0,<NA>,<NA>,<NA>,<NA>,7.33687,47.19094,2.583372801678351,<NA>,<NA>,855;
5632119,flat,Tavannes,2710,39,BE,Chemin de l'Orgerie, 1C,<NA>,<NA>,110,<NA>,<NA>,7.20573,47.22758,3.865853446647403,<NA>,<NA>,1320;
5691197,flat,Ste-Croix,1450,102,VD,Rue des rosiers, 30,2.5,<NA>,<NA>,<NA>,<NA>,6.49538,46.82028,3.5658165986533974,<NA>,<NA>,860;
5587152,flat,Ste-Croix,1450,102,VD,4, rue des Anémones,2.0,<NA>,50,<NA>,<NA>,6.50875,46.82242,3.032601749290032,<NA>,<NA>,890;
5676831,flat,L'Auberson,1454,102,VD,Grand-rue, 39,3.5,<NA>,121,<NA>,<NA>,6.46881,46.81905,5.242676666371052,<NA>,<NA>,1190;
5689898,flat,Vallorbe,1337,40,VD,Ancienne-Poste, 29,4.5,<NA>,110,<NA>,<NA>,6.37748,46.71242,1.8379095253860587,<NA>,<NA>,1700;
5705545,flat,Affoltern am Albis,8910,42,ZH,Alte Dorfstrasse 26, 28,3.5,3,82,<NA>,<NA>,8.45376,47.2782,3.8058023209911553,1845,200,2045;
5603893,flat,Affoltern am Albis,8910,42,ZH,Alte Dorfstrasse 26, 28,4.5,2,104,<NA>,<NA>,8.45376,47.2782,3.8058023209911553,2330,260,2590;
5565474,flat,Colombier VD,1114,43,VD,Ruelle de l'Eglise 8,114 Colombier,4.5,2,110,2018,<NA>,6.47506,46.5564,3.293426613121285,<NA>,<NA>,2350;
5703998,flat,Nyon,1260,43,VD,Rue de Ronzier 11, Nyon,2.5,0,83,2013,2013,6.23416,46.38536,0.753758356559028,2220,140,2360;
5698498,flat,Tolochenaz,1131,43,VD,Chemin de la Combe, 1,1.0,<NA>,25,<NA>,<NA>,6.47516,46.49735,1.2461751648335422,<NA>,<NA>,650;
5018960,flat,Chavannes-près-Renens,1022,43,VD,Av de la Concorde, 2,<NA>,<NA>,<NA>,<NA>,<NA>,6.57233,46.53489,2.4915530068554435,<NA>,<NA>,700;
5718716,flat,Bussigny,1030,43,VD,Chemin des Jonchets, 7,1.0,<NA>,26,<NA>,<NA>,6.5513,46.55172,2.6458693293881748,<NA>,<NA>,930;
5719802,flat,Echandens,1026,43,VD,Chemin de la plantaz, 16,1.5,<NA>,28,<NA>,<NA>,6.54434,46.53193,0.42851585248450136,<NA>,<NA>,1000;
5704228,flat,Gland,1196,43,VD,Chemin du Ruttet, 4,3.5,<NA>,72,<NA>,<NA>,6.27449,46.42251,4.840290419224626,<NA>,<NA>,1618;
5681725,flat,Chavannes-près-Renens,1022,43,VD,Av. De la concorde, 10,3.5,<NA>,80,<NA>,<NA>,6.57251,46.53306,2.411311873856928,<NA>,<NA>,1680;
5713296,flat,Etoy,1163,43,VD,Route de Lavigny, 8,2.5,<NA>,70,<NA>,<NA>,6.41929,46.48978,1.7337466291618782,<NA>,<NA>,1685;
5649816,flat,Aubonne,1170,43,VD,Chemin de la Traverse, 9,3.0,<NA>,80,<NA>,<NA>,6.39136,46.4923,3.338224005980817,<NA>,<NA>,1750;
5658443,flat,Lonay,1027,43,VD,Av. de Morges, 45,3.5,<NA>,75,<NA>,<NA>,6.51072,46.52046,0.3251270918153273,<NA>,<NA>,1850;
5692338,flat,Gland,1196,43,VD,Allée Waldo, 3,2.5,<NA>,65,<NA>,<NA>,6.26306,46.42647,3.872286468895978,<NA>,<NA>,1850;
5708550,flat,Ecublens VD,1024,43,VD,Route du Bois 61, en face de l'hôtel des inventons.,3.5,<NA>,<NA>,<NA>,<NA>,6.56143,46.52672,1.6231492453374445,<NA>,<NA>,2075;
5704329,flat,Nyon,1260,43,VD,Rue de Ronzier, 11,2.5,<NA>,83,<NA>,<NA>,6.23416,46.38536,0.753758356559028,<NA>,<NA>,2360;
5706428,flat,Gland,1196,43,VD,Allée Leotherius, 3,4.5,<NA>,92,<NA>,<NA>,6.26351,46.42715,3.8850406179096377,<NA>,<NA>,2443;
5681733,flat,Morges,1110,43,VD,Rue des Charpentiers, 6,3.5,<NA>,72,<NA>,<NA>,6.49732,46.51082,1.0929802561677358,<NA>,<NA>,2500;
5570780,flat,Dully,1195,43,VD,Ch de la Rillette 3, Manège de Dully,3.5,<NA>,<NA>,<NA>,<NA>,6.29468,46.43057,6.172974899026973,<NA>,<NA>,2600;
5716189,flat,Bursins,1183,43,VD,Chemin de Vinzel, 3,3.0,<NA>,104,<NA>,<NA>,6.28922,46.45322,5.190890596348853,<NA>,<NA>,2700;
5663381,flat,Aubonne,1170,43,VD,Chemin des Clos, 10,4.5,<NA>,130,<NA>,<NA>,6.39313,46.49273,3.2563431629209125,<NA>,<NA>,2730;
5662085,flat,Begnins,1268,43,VD,chemin du Sidan 8,,<NA>,<NA>,102,<NA>,<NA>,6.24667,46.44184,2.345652341123368,<NA>,<NA>,2880;
5721165,flat,Genolier,1272,43,VD,Route de Trelex, 23,5.5,<NA>,168,<NA>,<NA>,6.21607,46.43399,0.27441258467625723,<NA>,<NA>,3450;
5545495,flat,Founex,1297,43,VD,18, Grand-Rue,4.5,<NA>,156,<NA>,<NA>,6.19403,46.33423,6.877099796620007,<NA>,<NA>,3650;
5709923,flat,Ascona,6612,44,TI,Via Baraggie, 11,2.0,<NA>,55,<NA>,<NA>,8.77162,46.15715,1.453897230662338,<NA>,<NA>,1360;
5710107,flat,Ascona,6612,44,TI,Via Baraggie, 11,2.0,<NA>,52,<NA>,<NA>,8.77162,46.15715,1.453897230662338,<NA>,<NA>,1360;
5676373,flat,Laufenburg,5080,45,AG,Rhypark 3a, (Baslerstrasse),4.5,3,125,2016,<NA>,8.05434,47.55746,5.556813340068963,2200,270,2470;
5694212,flat,Laupen BE,3177,46,BE,Bahnweg 2c, Eingang J,3.5,1,116,<NA>,<NA>,7.23636,46.90599,4.027391260898907,1675,280,1955;
5694216,flat,Laupen BE,3177,46,BE,Bahnweg 2d, Eingang H,3.5,2,131,<NA>,<NA>,7.23649,46.90562,4.068891837309537,1850,340,2190;
5694214,flat,Laupen BE,3177,46,BE,Bahnweg 2c, Eingang J,4.5,2,137,<NA>,<NA>,7.23636,46.90599,4.027391260898907,1890,340,2230;
5694215,flat,Laupen BE,3177,46,BE,Bahnweg 2c, Eingang J,3.5,2,128,<NA>,<NA>,7.23636,46.90599,4.027391260898907,1950,300,2250;
5705144,flat,Laupen BE,3177,46,BE,Murtenstrasse 16e, Eingang E,4.5,3,127,<NA>,<NA>,7.23767,46.90518,4.1222256242605715,2400,410,2810;
5694211,flat,Laupen BE,3177,46,BE,Bahnweg 2c, Eingang J,3.5,3,184,<NA>,<NA>,7.23636,46.90599,4.027391260898907,2560,400,2960;
5703129,flat,Le Mont-sur-Lausanne,1052,47,VD,82, Route Des Martines,4.5,4,112,2016,<NA>,6.6335,46.54315,2.031939463395682,2545,200,2745;
5683656,flat,Lausanne,1003,47,VD,Rue Haldiman,15,5.0,4,110,<NA>,<NA>,6.63003,46.52217,0.3254208579556494,2800,200,3000;
5600838,flat,Crissier,1023,47,VD,14, chemin du Levant,1.5,<NA>,23,<NA>,<NA>,6.5808,46.54563,1.6263484041437284,<NA>,<NA>,880;
5706614,flat,Lausanne,1004,47,VD,Chemin du cerisier 9,,3.0,<NA>,<NA>,<NA>,<NA>,6.62105,46.52894,0.6214959615213594,<NA>,<NA>,900;
5719729,flat,Le Mont-sur-Lausanne,1052,47,VD,Place de Coppoz,4,1.0,<NA>,<NA>,<NA>,<NA>,6.63606,46.55898,2.544966462124445,<NA>,<NA>,900;
5503228,flat,Lausanne,1012,47,VD,Chemin du Devin, 31b,2.0,<NA>,<NA>,<NA>,<NA>,6.65019,46.5293,1.73336993369568,<NA>,<NA>,1250;
5691169,flat,Lausanne,1004,47,VD,Jomini, 10,2.0,<NA>,70,<NA>,<NA>,6.62741,46.52854,0.6000719725371567,<NA>,<NA>,1274;
5694173,flat,Lausanne,1004,47,VD,Avenue de Severy, 7,2.5,<NA>,65,<NA>,<NA>,6.61108,46.528,0.30499301422950914,<NA>,<NA>,1450;
5704477,flat,Lausanne,1004,47,VD,Chemin des retraites,1,3.5,<NA>,60,<NA>,<NA>,6.61413,46.52535,0.5585382135594166,<NA>,<NA>,1450;
5682186,flat,Lausanne,1004,47,VD,Chemin Aimé Steinlen, 7,2.5,<NA>,60,<NA>,<NA>,6.61179,46.53349,0.20091961573293865,<NA>,<NA>,1500;
5693996,flat,Lausanne,1012,47,VD,chemin de la rosiere, 17,1.0,<NA>,30,<NA>,<NA>,6.65645,46.52101,0.7150442403776839,<NA>,<NA>,1500;
5714479,flat,Lausanne,1007,47,VD,Chemin des Croix-Rouges, 4,2.0,<NA>,55,<NA>,<NA>,6.62168,46.52099,0.41761022979889645,<NA>,<NA>,1610;
5691284,flat,Lausanne,1006,47,VD,Avenue de I'Eglise-Anglaise 14, apt no 201,,2.5,<NA>,45,<NA>,<NA>,6.63204,46.5135,1.1744542542588834,<NA>,<NA>,1780;
5684919,flat,Epalinges,1066,47,VD,le grand chemin, 89,2.0,<NA>,55,<NA>,<NA>,6.68422,46.5554,4.728792063616995,<NA>,<NA>,1920;
5698293,flat,Epalinges,1066,47,VD,Chemin des Roches, 34,3.0,<NA>,77,<NA>,<NA>,6.65847,46.54317,3.1703534767585966,<NA>,<NA>,1990;
5718847,flat,Lausanne,1007,47,VD,Avenue de Sevelin, 2B,3.5,<NA>,77,<NA>,<NA>,6.61641,46.52167,0.7588509185870048,<NA>,<NA>,1990;
5699764,flat,Pully,1009,47,VD,Avenue Etienne-Guillemin,,<NA>,<NA>,<NA>,<NA>,<NA>,6.65554,46.51391,0.20554113366634394,<NA>,<NA>,2180;
5716163,flat,Lausanne,1010,47,VD,Chemin de Champ Rond, 42,3.5,<NA>,85,<NA>,<NA>,6.65374,46.53351,2.120727766826958,<NA>,<NA>,2480;
5716437,flat,Lausanne,1018,47,VD,Ch. de la Motte, 5,4.5,<NA>,117,<NA>,<NA>,6.63455,46.53319,1.2846087548513094,<NA>,<NA>,2650;
5702980,flat,Lausanne,1004,47,VD,Av. de Sévelin 13F, Ascenseur No. 8, 4éme,5.0,<NA>,111,<NA>,<NA>,6.6134,46.52448,0.650801582594963,<NA>,<NA>,2981;
5605731,flat,Corseaux,1802,48,VD,chemin du grand Pin,11,4.5,1,114,1971,2017,6.82725,46.47278,0.32150944109688245,2700,295,2995;
5120497,flat,Montreux,1820,48,VD,Route de la Saussaz, 8,1.0,<NA>,18,<NA>,<NA>,6.89047,46.45104,0.8073685911906026,<NA>,<NA>,600;
5630890,flat,La Tour-de-Peilz,1814,48,VD,avenue de sully 25,,3.0,<NA>,107,<NA>,<NA>,6.86103,46.45087,1.711224183085323,<NA>,<NA>,900;
5718947,flat,Clarens,1815,48,VD,Chemin de Baugy, 7,1.0,<NA>,27,<NA>,<NA>,6.89225,46.44918,0.7066412912887168,<NA>,<NA>,950;
5708628,flat,Vevey,1800,48,VD,Chaussée de la Guinguette, 3 - B18,2.0,<NA>,34,<NA>,<NA>,6.84408,46.46413,0.8066430932780027,<NA>,<NA>,1300;
5721356,flat,La Tour-de-Peilz,1814,48,VD,Bourg-Dessous, 19,1.0,<NA>,30,<NA>,<NA>,6.8563,46.45236,1.5851209593498496,<NA>,<NA>,1300;
5666750,flat,Blonay,1807,48,VD,chemin de Baye, 2,3.5,<NA>,71,<NA>,<NA>,6.89738,46.46215,0.4086911503432691,<NA>,<NA>,1590;
5646994,flat,Caux,1824,48,VD,chemin tremblex, 2,2.5,<NA>,55,<NA>,<NA>,6.93501,46.43315,1.244294218074829,<NA>,<NA>,1600;
5477530,flat,Montreux,1820,48,VD,Avenue de Belmont, 10,<NA>,<NA>,140,<NA>,<NA>,6.91177,46.43688,0.11322240747067765,<NA>,<NA>,1700;
5708595,flat,Grandvaux,1091,48,VD,Place du village, 3,3.0,<NA>,65,<NA>,<NA>,6.71642,46.49357,0.6066611996075911,<NA>,<NA>,1950;
5710105,flat,Clarens,1815,48,VD,Chemin des Riettes, 8,3.5,<NA>,90,<NA>,<NA>,6.89578,46.44836,0.4476581752913113,<NA>,<NA>,1950;
5674948,flat,Forel (Lavaux),1072,48,VD,Route de Vevey, 5,<NA>,<NA>,99,<NA>,<NA>,6.77034,46.53992,3.6978710152201755,<NA>,<NA>,2175;
5703094,flat,Vevey,1800,48,VD,Route de saint legier, 6,3.5,<NA>,90,<NA>,<NA>,6.85618,46.46233,0.566770182382968,<NA>,<NA>,2200;
5699697,flat,Chernex,1822,48,VD,19, rue des 2 Fontaines,5.0,<NA>,130,<NA>,<NA>,6.91178,46.4435,0.298914042740474,<NA>,<NA>,2400;
5648140,flat,Vevey,1800,48,VD,Rue Du Panorama,14,4.5,<NA>,110,<NA>,<NA>,6.84716,46.45996,1.0511031969812463,<NA>,<NA>,2580;
5522645,flat,St-Saphorin (Lavaux),1071,48,VD,Ruell Jean-Villard Gilles, 6,<NA>,<NA>,110,<NA>,<NA>,6.79554,46.47301,1.5796901910352958,<NA>,<NA>,2600;
5641804,flat,St-Légier-La Chiésaz,1806,48,VD,Rte des Areneys, 15a,3.5,<NA>,120,<NA>,<NA>,6.87872,46.47243,0.2277863139578797,<NA>,<NA>,2680;
5718788,flat,Cully,1096,48,VD,Rue de l'Indépendance, 4,2.5,<NA>,75,<NA>,<NA>,6.73231,46.48838,1.2060092126293886,<NA>,<NA>,2800;
5716464,flat,Vevey,1800,48,VD,Ruelle du lac, 2,4.5,<NA>,<NA>,<NA>,<NA>,6.84569,46.4583,1.2671331378315436,<NA>,<NA>,2900;
5719868,flat,Corseaux,1802,48,VD,chemin du grand Pin,11,4.5,<NA>,114,<NA>,<NA>,6.82725,46.47278,0.32150944109688245,<NA>,<NA>,2995;
5667559,flat,Neuchâtel,2000,50,NE,Brévards 16-Ls-d'Orléans 41,NE,3.5,2,83,<NA>,<NA>,6.9138,46.99132,0.7490651375743205,1660,210,1870;
5526667,flat,Neuchâtel,2000,50,NE,Rue Des Saars , 2000 neuchâtel,<NA>,<NA>,<NA>,<NA>,<NA>,6.95367,46.99918,2.2175948862177264,<NA>,<NA>,590;
5681724,flat,Marin-Epagnier,2074,50,NE,charles perrier, , 10,<NA>,<NA>,25,<NA>,<NA>,7.00471,47.00762,1.8802124394084436,<NA>,<NA>,605;
5713314,flat,Cormondrèche,2036,50,NE,En rueta, 7,1.0,<NA>,30,<NA>,<NA>,6.87184,46.97992,0.4463152057784403,<NA>,<NA>,715;
5539522,flat,Neuchâtel,2000,50,NE,Route de Pierre-à-Bot 6,,<NA>,<NA>,80,<NA>,<NA>,6.91892,47.00029,1.2278032083871528,<NA>,<NA>,880;
5686717,flat,Colombier NE,2013,50,NE,Rue de la Poste, 2,1.5,<NA>,<NA>,<NA>,<NA>,6.8592,46.96519,0.4781388960964973,<NA>,<NA>,890;
5685073,flat,Marin-Epagnier,2074,50,NE,Rue Auguste Bachelin, 7,1.0,<NA>,20,<NA>,<NA>,7.00041,47.00936,1.50394505883324,<NA>,<NA>,900;
5676857,flat,Neuchâtel,2000,50,NE,Rue V'y D'etra, 20,2.0,<NA>,60,<NA>,<NA>,6.96082,47.00999,1.6928508948528858,<NA>,<NA>,1050;
5622755,flat,Cressier NE,2088,50,NE,Rue des Planches Vallier, 5,3.5,<NA>,<NA>,<NA>,<NA>,7.03012,47.04811,0.8304619967219256,<NA>,<NA>,1140;
5721095,flat,Boudry,2017,50,NE,faubourg philippe suchard, 15,3.5,<NA>,95,<NA>,<NA>,6.83262,46.95425,0.6064073334601744,<NA>,<NA>,1300;
5708738,flat,Neuchâtel,2000,50,NE,Rue de Champréveyres, 8,3.5,<NA>,<NA>,<NA>,<NA>,6.96362,47.00627,1.678583184395627,<NA>,<NA>,1500;
5716381,flat,Neuchâtel,2000,50,NE,Dîme, 7,3.5,<NA>,90,<NA>,<NA>,6.96142,47.0088,1.6950456726858913,<NA>,<NA>,1680;
5684996,flat,Hauterive NE,2068,50,NE,Chemin de la marnière , 69,<NA>,<NA>,94,<NA>,<NA>,6.97545,47.01784,0.6225969995424678,<NA>,<NA>,1755;
5706511,flat,Corcelles NE,2035,50,NE,La Prise-Ducommun, Ch. des Prises 3,4.5,<NA>,<NA>,<NA>,<NA>,6.84536,46.98279,1.6451591445671452,<NA>,<NA>,1940;
5439763,flat,Neuchâtel,2000,50,NE,Rue de l'Ecluse 42, 44,3.5,<NA>,<NA>,<NA>,<NA>,6.92524,46.99268,0.36266470040208737,<NA>,<NA>,1950;
5640075,flat,Cortaillod,2016,50,NE,rue de la fin, 4,3.5,<NA>,100,<NA>,<NA>,6.84654,46.94351,0.8881841095379979,<NA>,<NA>,1950;
5577221,flat,St-Blaise,2072,50,NE,Chemin du ruau, 14,5.5,<NA>,138,<NA>,<NA>,6.98983,47.01777,0.6855214621449762,<NA>,<NA>,2325;
5427217,flat,Massagno,6900,51,TI,via San Gottardo 80, Massagno,4.5,2,118,<NA>,<NA>,8.94704,46.01147,0.6635283613177173,1690,330,2020;
5493305,flat,Pregassona,6963,51,TI,Via Boschina 19, Pregassona,4.5,3,<NA>,<NA>,<NA>,8.97471,46.01878,2.608408771400331,1690,350,2040;
5445413,flat,Massagno,6900,51,TI,Via Lepori 16, 18,3.5,<NA>,89,2020,<NA>,8.94553,46.0101,0.5214684323898073,1820,225,2045;
5427185,flat,Lugano,6900,51,TI,via Monte Carmen 12, Lugano,3.5,<NA>,<NA>,<NA>,<NA>,8.95415,46.01242,0.9525734116810896,2000,300,2300;
5449047,flat,Lugano,6900,51,TI,Via Sorengo 10, Lugano,3.5,3,115,<NA>,<NA>,8.94302,46.00506,0.30188850354126573,2100,250,2350;
5171007,flat,Ponte Tresa,6988,51,TI,Via Marcadello 2, Via Marcadello 2,2.5,0,157,<NA>,<NA>,8.85884,45.96912,0.15978589559764844,<NA>,<NA>,2400;
5449451,flat,Massagno,6900,51,TI,Via Lepori 16, 18,4.5,<NA>,112,2020,<NA>,8.94553,46.0101,0.5214684323898073,2160,280,2440;
5450856,flat,Pregassona,6963,51,TI,Via Vedo' 18, Pregassona,4.5,2,140,<NA>,<NA>,8.97584,46.01968,2.7372209339550757,2090,350,2440;
5711144,flat,Bioggio,6934,51,TI,Via della Posta 16, Bioggio,4.0,4,<NA>,<NA>,<NA>,8.90649,46.01284,0.20224233797913357,2300,300,2600;
5711145,flat,Bioggio,6934,51,TI,Via della Posta 16 , Bioggio,5.5,2,<NA>,<NA>,<NA>,8.90649,46.01284,0.20224233797913357,2490,300,2790;
5435727,flat,Bissone,6816,51,TI,Via Campione 33a , Bissone,5.5,0,147,<NA>,<NA>,8.96623,45.95774,1.4004888379792124,2400,400,2800;
5427231,flat,Massagno,6900,51,TI,Sentiero Vinorum 3, Massagno,4.5,4,<NA>,<NA>,<NA>,8.94649,46.01343,0.8819156656451128,2600,250,2850;
5426942,flat,Lugano,6900,51,TI,via Moncucco 25, Lugano,5.5,5,<NA>,<NA>,<NA>,8.93924,46.00438,0.5591339529654393,3500,<NA>,3500;
5716177,flat,Lugano,6900,51,TI,Via Clemente Maraini, 22,<NA>,<NA>,<NA>,<NA>,<NA>,8.94296,45.99768,0.6969398812664331,<NA>,<NA>,515;
5692314,flat,Massagno,6900,51,TI,Lema, 10A,1.5,<NA>,<NA>,<NA>,<NA>,8.94477,46.01016,0.5426220858264684,<NA>,<NA>,780;
5691291,flat,Massagno,6900,51,TI,nosedo, 20,4.5,<NA>,80,<NA>,<NA>,8.94112,46.00986,0.6574245896521119,<NA>,<NA>,1160;
5430295,flat,Melano,6818,51,TI,Via alla Chiesa, 1,<NA>,<NA>,69,<NA>,<NA>,8.98642,45.92018,2.0140704919762698,<NA>,<NA>,1250;
5686558,flat,Lugano,6900,51,TI,Via Trevano, 15,2.5,<NA>,80,<NA>,<NA>,8.95497,46.01411,1.1432777203091085,<NA>,<NA>,1500;
5718185,flat,Malters,6102,52,LU,Weihermatte 7A, 7B, 7C,4.5,<NA>,<NA>,2018,<NA>,8.17958,47.03804,6.108225871060623,1890,230,2120;
5593008,flat,Luzern,6004,52,LU,Weggisgasse 36|38 | Löwengraben 11|13, 6004 Luzern,<NA>,3,98,<NA>,<NA>,8.30378,47.05241,1.9277095395740653,2100,210,2310;
5557897,flat,Meggen,6045,52,LU,Neuhusstrasse 3b, Meggen,3.5,<NA>,98,2013,<NA>,8.36718,47.04873,0.6672483459913167,2590,230,2820;
5656817,flat,Vissoie,3961,57,VS,66, route des Rotsecs,2.0,<NA>,45,<NA>,<NA>,7.59043,46.21102,10.983206206776591,<NA>,<NA>,800;
5681796,flat,Crans-Montana,3963,57,VS,Route de la Crête du Louché 5, 26,1.5,<NA>,45,<NA>,<NA>,7.48273,46.3106,7.398372872733537,<NA>,<NA>,900;
5680077,flat,Sion,1950,57,VS,Chemin du vieux canal, 54,1.0,<NA>,35,<NA>,<NA>,7.34684,46.22905,6.126335983651843,<NA>,<NA>,1100;
5686735,flat,Turin (Salins),1991,57,VS,Route de Turin, 38,<NA>,<NA>,70,<NA>,<NA>,7.35783,46.2154,6.218783650838461,<NA>,<NA>,1200;
5706473,flat,Crans-Montana,3963,57,VS,Résidence du Rhône, Combaz 17,3.0,<NA>,57,<NA>,<NA>,7.47437,46.30744,7.515796519582621,<NA>,<NA>,1200;
5614645,flat,Sion,1950,57,VS,Route de Vissigen, 6,3.5,<NA>,80,<NA>,<NA>,7.37116,46.22937,4.463111512640517,<NA>,<NA>,1220;
5515756,flat,Grimisuat,1971,57,VS,Rue du Grand-Pont, 6,3.5,<NA>,70,<NA>,<NA>,7.38555,46.26076,2.812599799339478,<NA>,<NA>,1240;
5718903,flat,Sion,1950,57,VS,Rue des Champs-de-tabac, 10,2.5,<NA>,70,<NA>,<NA>,7.35854,46.22546,5.515744672190335,<NA>,<NA>,1270;
5713710,flat,Sierre,3960,57,VS,Avenue de France, 25,3.5,<NA>,<NA>,<NA>,<NA>,7.5238,46.2899,4.767221637087661,<NA>,<NA>,1290;
5713275,flat,Crans-Montana,3963,57,VS,31, route du Pas-de-l’Ours,1.0,<NA>,34,<NA>,<NA>,7.46086,46.30743,6.985799845434054,<NA>,<NA>,1500;
5691629,flat,St-Léonard,1958,57,VS,Rue du Chemin-de-Fer, 6,3.5,<NA>,90,<NA>,<NA>,7.40832,46.24884,0.9139006852227191,<NA>,<NA>,1575;
5355109,flat,Sion,1950,57,VS,Avenue du Bietschhorn, 38A,4.5,<NA>,<NA>,<NA>,<NA>,7.37506,46.23154,4.079841032657318,<NA>,<NA>,1680;
5689895,flat,Sion,1950,57,VS,Rue St. Guérin, 30,<NA>,<NA>,92,<NA>,<NA>,7.34913,46.22748,6.041060359874646,<NA>,<NA>,1900;
5671983,flat,Arbaz,1974,57,VS,Rue de la Lessière, 12A,5.5,<NA>,140,<NA>,<NA>,7.38201,46.27365,3.797669116521959,<NA>,<NA>,2200;
5686710,flat,Sierre,3960,57,VS,chemin du Tubang, 3,<NA>,<NA>,100,<NA>,<NA>,7.53589,46.29715,3.584474418437586,<NA>,<NA>,2200;
5666940,flat,Les Ponts-de-Martel,2316,59,NE,Chapelle, 1,1.5,<NA>,25,<NA>,<NA>,6.73243,46.99983,0.26219321926131267,<NA>,<NA>,550;
5718701,flat,La Sagne NE,2314,59,NE,le Crêt, 101,3.0,<NA>,58,<NA>,<NA>,6.80097,47.04022,0.09874194553023376,<NA>,<NA>,650;
5295662,flat,Les Ponts-de-Martel,2316,59,NE,Chapelle, 1,3.5,<NA>,80,<NA>,<NA>,6.73243,46.99983,0.26219321926131267,<NA>,<NA>,1000;
5522868,flat,Le Locle,2400,59,NE,Girardet 23, 2304,<NA>,<NA>,94,<NA>,<NA>,6.7613,47.06346,2.3966008144958693,<NA>,<NA>,1060;
5721307,flat,La Chaux-de-Fonds,2300,59,NE,A proximité, Les Brenets,3.5,<NA>,88,<NA>,<NA>,6.82666,47.10143,0.5652767682842017,<NA>,<NA>,1155;
5702885,flat,La Chaux-de-Fonds,2300,59,NE,Mont d'Amin, 11,3.0,<NA>,80,<NA>,<NA>,6.83907,47.10115,0.2966498238044825,<NA>,<NA>,1168;
5656851,flat,La Chaux-de-Fonds,2300,59,NE,Rue des vieux patriotes, 41,3.5,<NA>,<NA>,<NA>,<NA>,6.82392,47.09113,1.2103161756167455,<NA>,<NA>,1388;
5536211,flat,La Sagne NE,2314,59,NE,Bras-de-Mar, 4, 4,5.0,<NA>,120,<NA>,<NA>,6.80387,47.04531,0.5883027752633964,<NA>,<NA>,1390;
5545430,flat,Les Ponts-de-Martel,2316,59,NE,Chapelle, 1,5.5,<NA>,140,<NA>,<NA>,6.73243,46.99983,0.26219321926131267,<NA>,<NA>,1400;
5503473,flat,La Chaux-du-Milieu,2405,59,NE,Rue du Temple, 87,5.5,<NA>,140,<NA>,<NA>,6.70333,47.01412,2.9476672647601796,<NA>,<NA>,1700;
3491414,flat,Langenthal,4900,61,BE,Belchenstrasse 5,7,3.5,2,<NA>,<NA>,<NA>,7.78494,47.22299,0.6298771383538619,1090,200,1290;
5674627,flat,Herzogenbuchsee,3360,61,BE,Ringstrasse, 4,4.5,2,100,1908,2011,7.70461,47.18663,6.081793608810671,1200,150,1350;
5680931,flat,Langenthal,4900,61,BE,Bäreggstr. 61, Haus B,4.5,2,122,2013,<NA>,7.77805,47.21793,1.3423177047414532,2242,320,2562;
5706686,flat,Langenthal,4900,61,BE,Waldhofstrasse, 66,<NA>,<NA>,<NA>,<NA>,<NA>,7.797,47.21541,1.6645776230294644,<NA>,<NA>,1100;
5063757,flat,Leuk Stadt,3953,65,VS,Immeuble Crocci, Hauptstrasse 9,5.0,<NA>,110,<NA>,<NA>,7.60348,46.31858,2.1370340673995236,<NA>,<NA>,1300;
5535461,flat,Hombrechtikon,8634,68,ZH,Eichhöhe 1, 3, 5,3.5,0,76,2018,<NA>,8.77422,47.24905,1.3000747441831335,1950,230,2180;
5542435,flat,Hombrechtikon,8634,68,ZH,Eichhöhe 1, 3, 5,3.5,4,70,2018,<NA>,8.77422,47.24905,1.3000747441831335,2160,230,2390;
5146889,flat,Hombrechtikon,8634,68,ZH,Eichhöhe 1, 3, 5,3.5,3,86,2018,<NA>,8.77422,47.24905,1.3000747441831335,2310,230,2540;
5565065,flat,Hombrechtikon,8634,68,ZH,Eichhöhe 1, 3, 5,4.5,2,95,2018,<NA>,8.77422,47.24905,1.3000747441831335,2300,280,2580;
5535448,flat,Hombrechtikon,8634,68,ZH,Eichhöhe 1, 3, 5,3.5,3,86,2018,<NA>,8.77422,47.24905,1.3000747441831335,2450,230,2680;
5565044,flat,Hombrechtikon,8634,68,ZH,Eichhöhe 1, 3, 5,3.5,3,85,2018,<NA>,8.77422,47.24905,1.3000747441831335,2480,230,2710;
5654416,flat,Staad SG,9422,70,SG,Weidenstrasse 4/4a, 6/6a, 6b/6c,2.5,0,83,2020,<NA>,9.54112,47.47894,0.9757199649811167,1225,130,1355;
5654418,flat,Staad SG,9422,70,SG,Weidenstrasse 4/4a, 6/6a, 6b/6c,3.5,0,98,2020,<NA>,9.54112,47.47894,0.9757199649811167,1475,150,1625;
5654420,flat,Staad SG,9422,70,SG,Weidenstrasse 4/4a, 6/6a, 6b/6c,4.5,4,128,2020,<NA>,9.54112,47.47894,0.9757199649811167,2410,210,2620;
5654417,flat,Staad SG,9422,70,SG,Weidenstrasse 4/4a, 6/6a, 6b/6c,3.5,4,102,2020,<NA>,9.54112,47.47894,0.9757199649811167,2440,190,2630;
5699693,flat,Au SG,9434,70,SG,Giessenstrasse, 9a,4.5,<NA>,98,<NA>,<NA>,9.63535,47.43291,3.311138949804837,<NA>,<NA>,1260;
5718235,flat,Sargans,7320,74,SG,Haus Pizol, Bahnhofstr. 19c,4.5,1,128,<NA>,<NA>,9.44312,47.04607,4.000103947818854,2340,275,2615;
5663842,flat,Hochdorf,6280,80,LU,Bachmättli, 10,3.5,3,88,2017,<NA>,8.29564,47.16406,0.20548084824519433,1800,180,1980;
5658767,flat,Murten,3280,81,FR,Merlachfeld 181, 161, 139, 115,3.5,3,78,<NA>,<NA>,7.10661,46.91883,1.1458388771547405,1500,240,1740;
5714607,flat,Courtepin,1784,81,FR,Route des Genevrés, 89,1.5,<NA>,45,<NA>,<NA>,7.12958,46.86398,2.525781302838296,<NA>,<NA>,740;
5573193,flat,Mur (Vully) VD,1787,81,VD,rue du bas, 3,2.5,<NA>,65,<NA>,<NA>,7.05872,46.94326,4.078508538562898,<NA>,<NA>,1050;
5712277,flat,Salvenach,1794,81,FR,Hauptstrasse, 15,4.5,<NA>,<NA>,<NA>,<NA>,7.14741,46.91759,1.9444281882416312,<NA>,<NA>,1480;
5712267,flat,Môtier (Vully),1787,81,FR,Chemin du Paverez, 4,4.5,<NA>,117,<NA>,<NA>,7.08748,46.94998,2.8860344099577993,<NA>,<NA>,2300;
3860092,flat,Anzère,1972,82,VS,Route des Mayens 4B, immeuble Les Rocailles C, apt 7,3.5,<NA>,100,<NA>,<NA>,7.40173,46.29718,5.264738930712545,<NA>,<NA>,350;
5706514,flat,Conthey,1964,82,VS,Immeuble Quartery B, chemin des écoliers 12,1.0,<NA>,28,<NA>,<NA>,7.3042,46.22641,6.407887781594048,<NA>,<NA>,750;
5553867,flat,Némiaz (Chamoson),1955,82,VS,Grange à Léonard 11, Hameau de Némiaz,2.5,<NA>,70,<NA>,<NA>,7.22346,46.20967,2.6859890759446485,<NA>,<NA>,1050;
5703449,flat,Conthey,1964,82,VS,Avenue de la gare, 19,4.5,<NA>,121,<NA>,<NA>,7.30315,46.22029,5.920998446513796,<NA>,<NA>,1696;
5588327,flat,Aven,1976,82,VS,rte de Derborence, 34,2.5,<NA>,<NA>,<NA>,<NA>,7.27134,46.23602,5.741348387183681,<NA>,<NA>,1700;
5621603,flat,Chamoson,1955,82,VS,Chemin de la Posse, 9,4.5,<NA>,125,<NA>,<NA>,7.2278,46.20523,2.091344737520952,<NA>,<NA>,1900;
5203194,flat,Zuchwil,4528,83,SO,Amselweg 45, 45A, 47, 47A,3.5,1,81,2019,<NA>,7.56125,47.21455,0.7929912346324509,1450,200,1650;
5202816,flat,Zuchwil,4528,83,SO,Amselweg 45, 45A, 47, 47A,3.5,0,81,2019,<NA>,7.56125,47.21455,0.7929912346324509,1460,200,1660;
5681580,flat,Solothurn,4500,84,SO,Platanenallee 27, 47,3.5,1,81,2014,2019,7.51025,47.20613,0.8982034679363392,1658,220,1878;
5470284,flat,Wittenbach,9300,85,SG,Adlerstr. 2,2a,3.5,2,101,2009,<NA>,9.38811,47.46121,2.484909364370288,1510,210,1720;
4591994,flat,Wittenbach,9300,85,SG,Adlerstr. 2,2a,3.5,1,101,2009,<NA>,9.38811,47.46121,2.484909364370288,1580,210,1790;
5709196,flat,Steffisburg,3612,88,BE,Hartlisbergstrasse, 39,2.5,0,60,2016,<NA>,7.62078,46.7873,1.0980613992504045,1500,150,1650;
5138999,flat,Homberg b. Thun,3622,88,BE,Dreiligasse, 9,1.0,<NA>,24,<NA>,<NA>,7.67777,46.77306,4.6079511948527925,<NA>,<NA>,778;
5716701,flat,Wagenhausen,8259,92,TG,Mülibach 1, 8259 Wagenhausen,4.0,3,143,2018,<NA>,8.84432,47.6602,0.9209368727183651,2275,<NA>,2275;
5562526,flat,Collombey,1868,93,VS,Ch. du Verger 22A, B et C,3.5,2,90,2016,<NA>,6.94656,46.26489,0.5206650942663732,1580,230,1810;
5638992,flat,Monthey,1870,93,VS,Chemin des Dailles 45,47,49,51,4.5,<NA>,115,<NA>,<NA>,6.94735,46.26402,0.4355779388951456,1550,320,1870;
5669830,flat,Collombey,1868,93,VS,Ch. du Verger 22A, B et C,4.5,5,117,2016,<NA>,6.94656,46.26489,0.5206650942663732,1950,310,2260;
5581408,flat,Collombey,1868,93,VS,Ch. du Verger 22A, B et C,4.5,5,122,2016,<NA>,6.94656,46.26489,0.5206650942663732,2080,310,2390;
3603137,flat,Ovronnaz,1911,93,VS,Ch. du Loussé 12, Châtillon D25,3.0,<NA>,72,<NA>,<NA>,7.17766,46.19844,4.2312309784779245,<NA>,<NA>,600;
5641776,flat,Bruson,1934,93,VS,chemin des chenaux, 14,2.0,<NA>,35,<NA>,<NA>,7.21657,46.06535,1.4944420903321187,<NA>,<NA>,790;
5713435,flat,Saillon,1913,93,VS,Chemin  du peray, 43,1.0,<NA>,30,<NA>,<NA>,7.18666,46.17029,2.4151048695108486,<NA>,<NA>,850;
5668945,flat,Saxon,1907,93,VS,1, rte du Canal,2.0,<NA>,40,<NA>,<NA>,7.17444,46.15056,0.15277461027784534,<NA>,<NA>,900;
5718957,flat,Collombey,1868,93,VS,ch. de la barme, 31,2.5,<NA>,42,<NA>,<NA>,6.94072,46.27484,0.6607416750220589,<NA>,<NA>,960;
5709958,flat,Fully,1926,93,VS,Canniballoon Team, route des Marais 17,<NA>,<NA>,39,<NA>,<NA>,7.11738,46.13968,4.452414623644956,<NA>,<NA>,1020;
5721282,flat,Vollèges,1941,93,VS,Ch. des Noyers, 4,3.0,<NA>,<NA>,<NA>,<NA>,7.17137,46.08687,0.8157669115533472,<NA>,<NA>,1100;
5589475,flat,Bouveret,1897,93,VS,En la planche, 27,1.5,<NA>,40,<NA>,<NA>,6.86056,46.3824,2.613273040883895,<NA>,<NA>,1150;
5613364,flat,Saillon,1913,93,VS,Grand - Clos, rue des Marais-Neufs,3.5,<NA>,75,<NA>,<NA>,7.19199,46.17233,1.9920499020222184,<NA>,<NA>,1420;
5684819,flat,Saxon,1907,93,VS,avenue de la Jonction, 16,4.5,<NA>,121,<NA>,<NA>,7.17794,46.14992,0.3524165358432466,<NA>,<NA>,1770;
5673147,flat,Fontainemelon,2052,95,NE,Rue du Centre, 11,4.5,<NA>,70,<NA>,<NA>,6.89061,47.05691,4.446285008820458,<NA>,<NA>,1169;
5721217,flat,Fleurier,2114,96,<NA>,Rue de l'hôpital, 19,2.0,<NA>,<NA>,<NA>,<NA>,6.58018,46.90099,0.4432493557828263,<NA>,<NA>,700;
5717266,flat,Winterthur,8406,101,ZH,Schlosstalstrasse 52c, 8406 Winterthur,2.5,<NA>,70,2019,<NA>,8.7018,47.49681,0.9610775349968297,1670,220,1890;
5718864,flat,Yverdon-les-Bains,1400,102,VD,Rue du Cheminet, 33,2.0,<NA>,<NA>,<NA>,<NA>,6.62921,46.78397,0.5725455203881761,<NA>,<NA>,1283;
5692440,flat,Yvonand,1462,102,VD,Treysala, 16,<NA>,<NA>,94,<NA>,<NA>,6.75144,46.79726,3.4456872854613376,<NA>,<NA>,1550;
5681749,flat,Yvonand,1462,102,VD,Ria 6, Ria 6,3.5,<NA>,90,<NA>,<NA>,6.74622,46.7958,3.8578948794255834,<NA>,<NA>,1790;
5562203,flat,Horgen,8810,103,ZH,Heubachstrasse 47, 8810 Horgen,6.5,<NA>,177,2009,<NA>,8.60347,47.25515,1.106649845886664,6500,500,7000;
5645736,flat,Horgen,8810,103,ZH,Heubachstrasse 47, 8810 Horgen,6.5,1,<NA>,2009,<NA>,8.60347,47.25515,1.106649845886664,7000,600,7600;
5537764,flat,Rothrist,4852,104,AG,Oberwilerweg, 30,4.5,<NA>,110,<NA>,<NA>,7.87466,47.30094,5.057699169815087,<NA>,<NA>,1890;
5689472,flat,Kölliken,5742,104,AG,Richtergasse, 2a,4.5,2,155,2011,<NA>,8.02329,47.3305,3.4534778107652673,1900,300,2200;
5691583,flat,Uster,8610,106,ZH,Feldhofweg, 4,4.5,<NA>,<NA>,<NA>,<NA>,8.72646,47.34896,3.286215859471387,<NA>,<NA>,2047;
5663197,flat,Bachenbülach,8184,107,ZH,Püntenstrasse, 8,4.5,<NA>,95,<NA>,<NA>,8.54793,47.50587,4.858927504270494,<NA>,<NA>,1800;
5701542,flat,Embrach,8424,107,ZH,Schützenhausstrasse, 107,4.5,<NA>,108,<NA>,<NA>,8.59653,47.51075,3.808074358228605,<NA>,<NA>,1890;
5711560,flat,Zürich,8032,109,ZH,Streulistrasse, 66,3.0,3,80,<NA>,<NA>,8.56429,47.36354,1.2400837488074217,2100,200,2300;
5706534,flat,Zürich,8048,109,ZH,Robert-Seidel-Hof, 1,3.5,<NA>,<NA>,<NA>,<NA>,8.48406,47.39036,0.38806385642307845,<NA>,<NA>,1900;
5622770,flat,St. Gallen,9012,85,SG,Teufenerstrasse, 180,3.5,<NA>,80,<NA>,<NA>,9.36899,47.40767,4.079901149991923,<NA>,<NA>,1090;
5705482,flat,Bern,3000,15,BE,Landoltstrasse, 20,3.5,1,64,<NA>,<NA>,7.43956,46.9366,0.7305051495548901,<NA>,<NA>,1787;
5666468,flat,Bern,3006,15,BE,Bürglenstrasse 54, 56,4.0,2,96,1949,<NA>,7.4705,46.94647,2.4052541697213745,1600,245,1845;
5663735,flat,Bern,3011,15,BE,Zeughausgasse 27, Wohnungen,2.0,4,65,1927,<NA>,7.44535,46.94879,1.8580149739413074,1980,420,2400;
5435947,flat,Bern,3004,15,BE,Tiefenaustrasse, 149,1.0,<NA>,<NA>,<NA>,<NA>,7.45458,46.97437,1.0211284445458568,<NA>,<NA>,700;
5719784,flat,Bern,3006,15,BE,Ostring, 14,3.0,<NA>,76,<NA>,<NA>,7.46826,46.9424,2.2859337850271375,<NA>,<NA>,1510;
5352849,flat,Biel/Bienne,2502,79,BE,rue de la gare, 39,2.0,<NA>,47,<NA>,<NA>,7.24913,47.14219,2.089180287344235,<NA>,<NA>,1000;
5665264,flat,Buchrain,6033,52,LU,Hauptstrasse, 14 b,3.5,<NA>,93,<NA>,<NA>,8.34682,47.09393,0.7440906935086324,<NA>,<NA>,2029;
5682322,flat,Chénens,1744,29,FR,Route de Cottens, 31,4.5,<NA>,107,<NA>,<NA>,7.00326,46.74306,2.568820850555392,<NA>,<NA>,1850;
5693732,flat,Dietwil,6042,18,AG,Feldstrasse, 24,1.5,3,30,<NA>,<NA>,8.38883,47.14548,4.659478850520865,<NA>,<NA>,800;
5693772,flat,Dietwil,6042,18,AG,Feldstrasse, 26,4.5,3,107,2020,<NA>,8.38848,47.14525,4.628244527514486,2190,210,2400;
5692341,flat,Ebikon,6030,52,LU,Senevita Pilatusblick, Rischstrasse 13,<NA>,<NA>,80,<NA>,<NA>,8.34205,47.08028,1.8519755471849402,<NA>,<NA>,3850;
5277061,flat,Givisiez,1762,29,FR,Fin de la Croix, 5,5.0,<NA>,120,<NA>,<NA>,7.13185,46.81439,1.795283256584276,<NA>,<NA>,1850;
4341282,flat,Hunzenschwil,5502,18,AG,Bahnhofstrasse 32a,b,c,d und Liebeggerweg 1,1.0,<NA>,20,<NA>,<NA>,8.12938,47.38991,4.503261609583823,<NA>,<NA>,600;
5703098,flat,La Neuveville,2520,79,BE,route du château 1,,2.5,<NA>,<NA>,<NA>,<NA>,7.09207,47.06425,0.286564621003449,<NA>,<NA>,1580;
5652876,flat,Lenzburg,5600,18,AG,Marktmattenstrasse, 13,<NA>,<NA>,<NA>,<NA>,<NA>,8.17819,47.38915,2.1978864750269573,<NA>,<NA>,1490;
5675907,flat,Lenzburg,5600,18,AG,Gustav Zeiler-Ring, 11,4.5,3,101,2016,<NA>,8.17468,47.39165,2.474350518570497,1711,210,1921;
5686486,flat,Luzern,6003,52,LU,baselstrasse, 26,1.0,<NA>,16,<NA>,<NA>,8.29586,47.05298,2.0692653788512474,<NA>,<NA>,900;
5711171,flat,Lyss,3250,79,BE,Bahnhofstr.19, 19a-c,4.5,1,<NA>,2009,<NA>,7.30529,47.07695,0.7876945428672005,1720,250,1970;
5491483,flat,Lyss,3250,79,BE,Bahnhofstr.19, 19a-c,4.5,1,<NA>,2009,<NA>,7.30529,47.07695,0.7876945428672005,1950,250,2200;
5699768,flat,Malters,6102,52,LU,Mettlenmatte, 5,4.5,<NA>,95,<NA>,<NA>,8.17808,47.03838,6.138319839518945,<NA>,<NA>,1700;
5672470,flat,Martigny,1920,93,VS,Rue de la Dranse, 13,<NA>,<NA>,120,<NA>,<NA>,7.0708,46.10348,0.7829185072842654,<NA>,<NA>,1950;
5708498,flat,Münchenbuchsee,3053,15,BE,Bahngässli, 9,3.5,<NA>,100,<NA>,<NA>,7.45168,47.02211,2.6012529085275173,<NA>,<NA>,2254;
5698540,flat,Müntschemier,3225,79,BE,Fichtenweg, 6,4.5,<NA>,117,<NA>,<NA>,7.13747,46.99521,2.596384946622181,<NA>,<NA>,2230;
5642656,flat,Neuenhof,5432,10,AG,Kappelstrasse, 4,3.0,3,<NA>,<NA>,<NA>,8.32957,47.44935,0.19211333071626624,<NA>,<NA>,1309;
5718909,flat,Nidau,2560,79,BE,Lyss-Strasse, 18,1.5,<NA>,25,<NA>,<NA>,7.24461,47.1261,0.2963223699060061,<NA>,<NA>,590;
5588845,flat,Nidau,2560,79,BE,Vollstrasse, 15,1.0,<NA>,<NA>,<NA>,<NA>,7.24316,47.12393,0.07498486251338418,<NA>,<NA>,700;
5007569,flat,Niederwil AG,5524,18,AG,Mühleweg, 1c,4.5,0,99,<NA>,<NA>,8.29564,47.37868,3.483003996269007,1580,200,1780;
5520232,flat,Oberdorf SO,4515,83,SO,Weissensteinstrasse, 40,4.5,1,94,<NA>,<NA>,7.50786,47.22793,1.3913744174384064,1630,240,1870;
5676965,flat,Orpund,2552,79,BE,Hauptstrasse, 136,3.5,<NA>,70,<NA>,<NA>,7.30073,47.14031,2.063838222233848,<NA>,<NA>,1480;
5706578,flat,Saillon,1913,93,VS,Rte des Sautes, 4,4.5,<NA>,120,<NA>,<NA>,7.18845,46.17212,2.265030629142861,<NA>,<NA>,1960;
5528402,flat,Schüpfen,3054,79,BE,Schwanden, 65,4.5,<NA>,80,<NA>,<NA>,7.40289,47.03952,1.3063635705438916,<NA>,<NA>,1290;
5704015,flat,Turgi,5300,10,AG,Auhaldenstrasse, 11,4.0,1,74,1947,2019,8.24852,47.49892,0.8786453736224762,1230,160,1390;
5714501,flat,Unterkulm,5726,18,AG,hauptstrasse, 20,3.5,<NA>,<NA>,<NA>,<NA>,8.11549,47.30984,5.014607896501215,<NA>,<NA>,1290;
5689846,flat,Wabern,3084,15,BE,Kirchstrasse, 192,<NA>,<NA>,95,<NA>,<NA>,7.44663,46.92933,0.09399368770406316,<NA>,<NA>,1400;
5202788,flat,Zuchwil,4528,83,SO,Amselweg 45, 45A, 47, 47A,3.5,0,90,2019,<NA>,7.56125,47.21455,0.7929912346324509,1550,200,1750;
5195946,flat,Zuchwil,4528,83,SO,Amselweg 45, 45A, 47, 47A,3.5,0,87,2019,<NA>,7.56125,47.21455,0.7929912346324509,1560,200,1760;
5666668,flat,Zuchwil,4528,83,SO,Amselweg 45, 45A, 47, 47A,3.5,1,88,2019,<NA>,7.56125,47.21455,0.7929912346324509,1560,200,1760;
5202746,flat,Zuchwil,4528,83,SO,Amselweg 45, 45A, 47, 47A,4.5,2,101,2019,<NA>,7.56125,47.21455,0.7929912346324509,1670,230,1900;
